session,window_index,start_sec,expected_label,board_label,prediction_matches,board_prob_0,board_prob_2,board_prob_4,board_prob_max,board_prob_argmax
MMdata_1136.50s_0327_183428_2ml,0,0.0,2,4,,0.00017655690317042172,0.0110068554058671,0.9888166189193726,0.9888166189193726,4
MMdata_1136.50s_0327_183428_2ml,1,5.0,2,4,,0.00015243997040670365,0.013159751892089844,0.9866878390312195,0.9866878390312195,4
MMdata_1136.50s_0327_183428_2ml,2,10.0,2,4,,9.648917330196127e-05,0.006732517387717962,0.993170976638794,0.993170976638794,4
MMdata_1136.50s_0327_183428_2ml,3,15.0,2,4,,0.0001384030911140144,0.011329571716487408,0.9885320663452148,0.9885320663452148,4
MMdata_1136.50s_0327_183428_2ml,4,20.0,2,4,,0.0001514450996182859,0.012248215265572071,0.9876003265380859,0.9876003265380859,4
MMdata_1136.50s_0327_183428_2ml,5,25.0,2,4,,0.00011755751620512456,0.008958820253610611,0.9909235835075378,0.9909235835075378,4
MMdata_1136.50s_0327_183428_2ml,6,30.0,2,4,,9.017792763188481e-05,0.005711696110665798,0.9941980838775635,0.9941980838775635,4
MMdata_1136.50s_0327_183428_2ml,7,35.0,2,4,,0.00013409281382337213,0.010983997955918312,0.9888818860054016,0.9888818860054016,4
MMdata_1136.50s_0327_183428_2ml,8,40.0,2,4,,0.0001238006807398051,0.00897279754281044,0.9909034371376038,0.9909034371376038,4
MMdata_1136.50s_0327_183428_2ml,9,45.0,2,4,,0.00012182404316263273,0.009285543113946915,0.9905926585197449,0.9905926585197449,4
MMdata_1136.50s_0327_183428_2ml,10,50.0,2,4,,9.298772783949971e-05,0.0060318512842059135,0.9938750863075256,0.9938750863075256,4
MMdata_1136.50s_0327_183428_2ml,11,55.0,2,4,,0.00012437057739589363,0.009722407907247543,0.9901532530784607,0.9901532530784607,4
MMdata_1136.50s_0327_183428_2ml,12,60.0,2,4,,0.00015005258319433779,0.011414757929742336,0.9884351491928101,0.9884351491928101,4
MMdata_1136.50s_0327_183428_2ml,13,65.0,2,4,,0.00012038869317620993,0.009431415237486362,0.9904481768608093,0.9904481768608093,4
MMdata_1136.50s_0327_183428_2ml,14,70.0,2,4,,8.390888251597062e-05,0.005055281799286604,0.994860827922821,0.994860827922821,4
MMdata_1136.50s_0327_183428_2ml,15,75.0,2,4,,0.0001248452317668125,0.009829268790781498,0.9900458455085754,0.9900458455085754,4
MMdata_1136.50s_0327_183428_2ml,16,80.0,2,4,,0.0001349783706245944,0.010675657540559769,0.9891893863677979,0.9891893863677979,4
MMdata_1136.50s_0327_183428_2ml,17,85.0,2,4,,0.00013859443424735218,0.010726042091846466,0.9891353845596313,0.9891353845596313,4
MMdata_1136.50s_0327_183428_2ml,18,90.0,2,4,,7.195370562840253e-05,0.004113311879336834,0.9958147406578064,0.9958147406578064,4
MMdata_1136.50s_0327_183428_2ml,19,95.0,2,4,,0.000128500847495161,0.010178185068070889,0.9896933436393738,0.9896933436393738,4
MMdata_1136.50s_0327_183428_2ml,20,100.0,2,4,,0.00014406908303499222,0.010634026490151882,0.9892219305038452,0.9892219305038452,4
MMdata_1136.50s_0327_183428_2ml,21,105.0,2,4,,0.000133268884383142,0.010949689894914627,0.9889169931411743,0.9889169931411743,4
MMdata_1136.50s_0327_183428_2ml,22,110.0,2,4,,7.343730248976499e-05,0.004289962351322174,0.9956366419792175,0.9956366419792175,4
MMdata_1136.50s_0327_183428_2ml,23,115.0,2,4,,0.00013727849000133574,0.010605419985949993,0.989257276058197,0.989257276058197,4
MMdata_1136.50s_0327_183428_2ml,24,120.0,2,4,,0.00013855040015187114,0.009799608029425144,0.99006187915802,0.99006187915802,4
MMdata_1136.50s_0327_183428_2ml,25,125.0,2,4,,0.00013140933879185468,0.010521754622459412,0.9893469214439392,0.9893469214439392,4
MMdata_1136.50s_0327_183428_2ml,26,130.0,2,4,,8.27266849228181e-05,0.005061564967036247,0.9948556423187256,0.9948556423187256,4
MMdata_1136.50s_0327_183428_2ml,27,135.0,2,4,,0.00012129300012020394,0.009162149392068386,0.9907165169715881,0.9907165169715881,4
MMdata_1136.50s_0327_183428_2ml,28,140.0,2,4,,0.00015488140343222767,0.01221425924450159,0.9876309037208557,0.9876309037208557,4
MMdata_1136.50s_0327_183428_2ml,29,145.0,2,4,,0.00011652441753540188,0.00876203179359436,0.9911214113235474,0.9911214113235474,4
MMdata_1136.50s_0327_183428_2ml,30,150.0,2,4,,9.209463314618915e-05,0.005911166314035654,0.9939967393875122,0.9939967393875122,4
MMdata_1136.50s_0327_183428_2ml,31,155.0,2,4,,0.00013179781672079116,0.010669074021279812,0.9891991019248962,0.9891991019248962,4
MMdata_1136.50s_0327_183428_2ml,32,160.0,2,4,,0.00016060046618804336,0.012091412208974361,0.9877480268478394,0.9877480268478394,4
MMdata_1136.50s_0327_183428_2ml,33,165.0,2,4,,0.0001350669626845047,0.01024048775434494,0.9896244406700134,0.9896244406700134,4
MMdata_1136.50s_0327_183428_2ml,34,170.0,2,4,,0.00010066462709801272,0.006544047500938177,0.9933552742004395,0.9933552742004395,4
MMdata_1136.50s_0327_183428_2ml,35,175.0,2,4,,0.00011883825209224597,0.008914186619222164,0.9909669756889343,0.9909669756889343,4
MMdata_1136.50s_0327_183428_2ml,36,180.0,2,4,,0.00012059894652338699,0.008888199925422668,0.9909912347793579,0.9909912347793579,4
MMdata_1136.50s_0327_183428_2ml,37,185.0,2,4,,0.0001284381141886115,0.010157477110624313,0.9897140860557556,0.9897140860557556,4
MMdata_1136.50s_0327_183428_2ml,38,190.0,2,4,,9.353468340123072e-05,0.006276149768382311,0.9936303496360779,0.9936303496360779,4
MMdata_1136.50s_0327_183428_2ml,39,195.0,2,4,,0.00013861690240446478,0.010505377314984798,0.9893559813499451,0.9893559813499451,4
MMdata_1136.50s_0327_183428_2ml,40,200.0,2,4,,0.0001264782767975703,0.00974183063954115,0.9901317358016968,0.9901317358016968,4
MMdata_1136.50s_0327_183428_2ml,41,205.0,2,4,,8.400405204156414e-05,0.005174083635210991,0.9947419166564941,0.9947419166564941,4
MMdata_1136.50s_0327_183428_2ml,42,210.0,2,4,,8.43610250740312e-05,0.005406600423157215,0.9945090413093567,0.9945090413093567,4
MMdata_1136.50s_0327_183428_2ml,43,215.0,2,4,,0.0001673633378231898,0.014907369390130043,0.9849252104759216,0.9849252104759216,4
MMdata_1136.50s_0327_183428_2ml,44,220.0,2,4,,0.00014789994747843593,0.012074477970600128,0.9877776503562927,0.9877776503562927,4
MMdata_1136.50s_0327_183428_2ml,45,225.0,2,4,,0.0001253957743756473,0.00880289077758789,0.9910716414451599,0.9910716414451599,4
MMdata_1136.50s_0327_183428_2ml,46,230.0,2,4,,7.64168071327731e-05,0.004599698353558779,0.9953239560127258,0.9953239560127258,4
MMdata_1136.50s_0327_183428_2ml,47,235.0,2,4,,0.00013010136899538338,0.010500491596758366,0.9893693923950195,0.9893693923950195,4
MMdata_1136.50s_0327_183428_2ml,48,240.0,2,4,,0.00013991542800795287,0.010978455655276775,0.9888816475868225,0.9888816475868225,4
MMdata_1136.50s_0327_183428_2ml,49,245.0,2,4,,9.189280535792932e-05,0.0059041776694357395,0.99400395154953,0.99400395154953,4
MMdata_1136.50s_0327_183428_2ml,50,250.0,2,4,,8.035432256292552e-05,0.004988790024071932,0.9949308037757874,0.9949308037757874,4
MMdata_1136.50s_0327_183428_2ml,51,255.0,2,4,,0.00012481253361329436,0.009699677117168903,0.9901755452156067,0.9901755452156067,4
MMdata_1136.50s_0327_183428_2ml,52,260.0,2,4,,0.0001595065405126661,0.01343753095716238,0.9864029884338379,0.9864029884338379,4
MMdata_1136.50s_0327_183428_2ml,53,265.0,2,4,,0.00013963825767859817,0.010845029726624489,0.9890152812004089,0.9890152812004089,4
MMdata_1136.50s_0327_183428_2ml,54,270.0,2,4,,8.516055822838098e-05,0.005404773633927107,0.9945100545883179,0.9945100545883179,4
MMdata_1136.50s_0327_183428_2ml,55,275.0,2,4,,0.00013535303878597915,0.011106694117188454,0.9887579679489136,0.9887579679489136,4
MMdata_1136.50s_0327_183428_2ml,56,280.0,2,4,,0.00012992601841688156,0.009646603837609291,0.9902234673500061,0.9902234673500061,4
MMdata_1136.50s_0327_183428_2ml,57,285.0,2,4,,0.00011109774641226977,0.008192627690732479,0.991696298122406,0.991696298122406,4
MMdata_1136.50s_0327_183428_2ml,58,290.0,2,4,,0.00010219457908533514,0.007512323558330536,0.9923855066299438,0.9923855066299438,4
MMdata_1136.50s_0327_183428_2ml,59,295.0,2,4,,0.00014134669618215412,0.011578562669456005,0.9882800579071045,0.9882800579071045,4
MMdata_1136.50s_0327_183428_2ml,60,300.0,2,4,,0.000193822241271846,0.016955476254224777,0.9828506708145142,0.9828506708145142,4
MMdata_1136.50s_0327_183428_2ml,61,305.0,2,4,,0.0001131540848291479,0.008391122333705425,0.9914957284927368,0.9914957284927368,4
MMdata_1136.50s_0327_183428_2ml,62,310.0,2,4,,0.00012407706526573747,0.009650496765971184,0.9902254939079285,0.9902254939079285,4
MMdata_1136.50s_0327_183428_2ml,63,315.0,2,4,,0.00014252854452934116,0.011829957365989685,0.9880275726318359,0.9880275726318359,4
MMdata_1136.50s_0327_183428_2ml,64,320.0,2,4,,0.00019156948837917298,0.01629655808210373,0.9835118651390076,0.9835118651390076,4
MMdata_1136.50s_0327_183428_2ml,65,325.0,2,4,,0.0001081048249034211,0.007729909848421812,0.9921620488166809,0.9921620488166809,4
MMdata_1136.50s_0327_183428_2ml,66,330.0,2,4,,9.869018686003983e-05,0.006621984764933586,0.9932792782783508,0.9932792782783508,4
MMdata_1136.50s_0327_183428_2ml,67,335.0,2,4,,0.00013648167077917606,0.011093045584857464,0.9887704849243164,0.9887704849243164,4
MMdata_1136.50s_0327_183428_2ml,68,340.0,2,4,,0.00018947523494716734,0.015548234805464745,0.9842623472213745,0.9842623472213745,4
MMdata_1136.50s_0327_183428_2ml,69,345.0,2,4,,0.00010293920786352828,0.007080247160047293,0.9928168058395386,0.9928168058395386,4
MMdata_1136.50s_0327_183428_2ml,70,350.0,2,4,,9.583663631929085e-05,0.006656823679804802,0.9932472705841064,0.9932472705841064,4
MMdata_1136.50s_0327_183428_2ml,71,355.0,2,4,,0.00014070876932237297,0.01192327868193388,0.9879360198974609,0.9879360198974609,4
MMdata_1136.50s_0327_183428_2ml,72,360.0,2,4,,0.00012787088053300977,0.009745677001774311,0.9901264905929565,0.9901264905929565,4
MMdata_1136.50s_0327_183428_2ml,73,365.0,2,4,,0.00010422649938846007,0.007247953675687313,0.9926478862762451,0.9926478862762451,4
MMdata_1136.50s_0327_183428_2ml,74,370.0,2,4,,0.00010247187310596928,0.007417911197990179,0.9924795627593994,0.9924795627593994,4
MMdata_1136.50s_0327_183428_2ml,75,375.0,2,4,,0.0001376097061438486,0.01143885962665081,0.9884235262870789,0.9884235262870789,4
MMdata_1136.50s_0327_183428_2ml,76,380.0,2,4,,0.00015504416660405695,0.013316971249878407,0.9865279793739319,0.9865279793739319,4
MMdata_1136.50s_0327_183428_2ml,77,385.0,2,4,,0.00010044281953014433,0.006794395856559277,0.9931051135063171,0.9931051135063171,4
MMdata_1136.50s_0327_183428_2ml,78,390.0,2,4,,0.00010264218872180209,0.006946979556232691,0.992950439453125,0.992950439453125,4
MMdata_1136.50s_0327_183428_2ml,79,395.0,2,4,,0.00016021402552723885,0.01365446113049984,0.9861853718757629,0.9861853718757629,4
MMdata_1136.50s_0327_183428_2ml,80,400.0,2,4,,0.00015134397835936397,0.012414366938173771,0.9874343276023865,0.9874343276023865,4
MMdata_1136.50s_0327_183428_2ml,81,405.0,2,4,,0.00013123772805556655,0.009936967864632607,0.9899318218231201,0.9899318218231201,4
MMdata_1136.50s_0327_183428_2ml,82,410.0,2,4,,0.00010308171476935968,0.007006569299846888,0.9928903579711914,0.9928903579711914,4
MMdata_1136.50s_0327_183428_2ml,83,415.0,2,4,,0.00013057759497314692,0.010319633409380913,0.9895498752593994,0.9895498752593994,4
MMdata_1136.50s_0327_183428_2ml,84,420.0,2,4,,0.0001815991709008813,0.016285883262753487,0.9835325479507446,0.9835325479507446,4
MMdata_1136.50s_0327_183428_2ml,85,425.0,2,4,,0.00011599940626183525,0.007544509135186672,0.9923394918441772,0.9923394918441772,4
MMdata_1136.50s_0327_183428_2ml,86,430.0,2,4,,9.550746472086757e-05,0.006567939650267363,0.99333655834198,0.99333655834198,4
MMdata_1136.50s_0327_183428_2ml,87,435.0,2,4,,0.00012272568710613996,0.009356372989714146,0.9905209541320801,0.9905209541320801,4
MMdata_1136.50s_0327_183428_2ml,88,440.0,2,4,,0.00016946754476521164,0.014955894090235233,0.9848746657371521,0.9848746657371521,4
MMdata_1136.50s_0327_183428_2ml,89,445.0,2,4,,0.00011677985457936302,0.00872105360031128,0.9911621809005737,0.9911621809005737,4
MMdata_1136.50s_0327_183428_2ml,90,450.0,2,4,,9.664197568781674e-05,0.00611540675163269,0.993787944316864,0.993787944316864,4
MMdata_1136.50s_0327_183428_2ml,91,455.0,2,4,,0.00011409019498387352,0.008359852246940136,0.9915260672569275,0.9915260672569275,4
MMdata_1136.50s_0327_183428_2ml,92,460.0,2,4,,0.00016370278899557889,0.014378306455910206,0.9854580163955688,0.9854580163955688,4
MMdata_1136.50s_0327_183428_2ml,93,465.0,2,4,,0.00012891978258267045,0.009396819397807121,0.990474283695221,0.990474283695221,4
MMdata_1136.50s_0327_183428_2ml,94,470.0,2,4,,8.671821706229821e-05,0.005687683820724487,0.9942255616188049,0.9942255616188049,4
MMdata_1136.50s_0327_183428_2ml,95,475.0,2,4,,0.00014097285747993737,0.011552604846656322,0.98830646276474,0.98830646276474,4
MMdata_1136.50s_0327_183428_2ml,96,480.0,2,4,,0.0001692152873147279,0.015063200145959854,0.9847676157951355,0.9847676157951355,4
MMdata_1136.50s_0327_183428_2ml,97,485.0,2,4,,0.00012453278759494424,0.00975736789405346,0.9901180863380432,0.9901180863380432,4
MMdata_1136.50s_0327_183428_2ml,98,490.0,2,4,,8.371030708076432e-05,0.00537836691364646,0.994537889957428,0.994537889957428,4
MMdata_1136.50s_0327_183428_2ml,99,495.0,2,4,,0.00010374745761509985,0.007092706393450499,0.9928035140037537,0.9928035140037537,4
MMdata_1136.50s_0327_183428_2ml,100,500.0,2,4,,0.00017533118079882115,0.014099030755460262,0.9857256412506104,0.9857256412506104,4
MMdata_1136.50s_0327_183428_2ml,101,505.0,2,4,,0.0001181775878649205,0.009011843241751194,0.99086993932724,0.99086993932724,4
MMdata_1136.50s_0327_183428_2ml,102,510.0,2,4,,0.00010465177911100909,0.007256148383021355,0.9926391839981079,0.9926391839981079,4
MMdata_1136.50s_0327_183428_2ml,103,515.0,2,4,,0.00010172170004807413,0.007123020477592945,0.9927752017974854,0.9927752017974854,4
MMdata_1136.50s_0327_183428_2ml,104,520.0,2,4,,0.00016892967687454075,0.014364849776029587,0.9854662418365479,0.9854662418365479,4
MMdata_1136.50s_0327_183428_2ml,105,525.0,2,4,,0.00012849605991505086,0.009221595712006092,0.9906498789787292,0.9906498789787292,4
MMdata_1136.50s_0327_183428_2ml,106,530.0,2,4,,0.00011090013140346855,0.007890977896749973,0.9919981360435486,0.9919981360435486,4
MMdata_1136.50s_0327_183428_2ml,107,535.0,2,4,,0.00014177449338603765,0.011236082762479782,0.9886221289634705,0.9886221289634705,4
MMdata_1136.50s_0327_183428_2ml,108,540.0,2,4,,0.0001509633002569899,0.012488972395658493,0.9873600602149963,0.9873600602149963,4
MMdata_1136.50s_0327_183428_2ml,109,545.0,2,4,,0.00010279251728206873,0.006948110181838274,0.9929491281509399,0.9929491281509399,4
MMdata_1136.50s_0327_183428_2ml,110,550.0,2,4,,0.00012614572187885642,0.009427272714674473,0.9904465675354004,0.9904465675354004,4
MMdata_1136.50s_0327_183428_2ml,111,555.0,2,4,,0.0001272906083613634,0.009936251677572727,0.9899364709854126,0.9899364709854126,4
MMdata_1136.50s_0327_183428_2ml,112,560.0,2,4,,0.00016876512381713837,0.015026244334876537,0.9848049283027649,0.9848049283027649,4
MMdata_1136.50s_0327_183428_2ml,113,565.0,2,4,,0.00012181351485196501,0.009370238520205021,0.990507960319519,0.990507960319519,4
MMdata_1136.50s_0327_183428_2ml,114,570.0,2,4,,0.00011252198601141572,0.008065535686910152,0.9918219447135925,0.9918219447135925,4
MMdata_1136.50s_0327_183428_2ml,115,575.0,2,4,,0.00014515382645186037,0.01177136693149805,0.9880834221839905,0.9880834221839905,4
MMdata_1136.50s_0327_183428_2ml,116,580.0,2,4,,0.00015277777856681496,0.012015366926789284,0.9878318905830383,0.9878318905830383,4
MMdata_1136.50s_0327_183428_2ml,117,585.0,2,4,,0.00010193839261773974,0.0069330171681940556,0.9929649829864502,0.9929649829864502,4
MMdata_1136.50s_0327_183428_2ml,118,590.0,2,4,,9.684939868748188e-05,0.006386029068380594,0.9935171604156494,0.9935171604156494,4
MMdata_1136.50s_0327_183428_2ml,119,595.0,2,4,,0.00013240544649306685,0.010816516354680061,0.989051103591919,0.989051103591919,4
MMdata_1136.50s_0327_183428_2ml,120,600.0,2,4,,0.00017957465024664998,0.015674667432904243,0.9841457009315491,0.9841457009315491,4
MMdata_1136.50s_0327_183428_2ml,121,605.0,2,4,,0.00011547550093382597,0.008620084263384342,0.9912644624710083,0.9912644624710083,4
MMdata_1136.50s_0327_183428_2ml,122,610.0,2,4,,0.00010939368803519756,0.007072150707244873,0.9928184747695923,0.9928184747695923,4
MMdata_1136.50s_0327_183428_2ml,123,615.0,2,4,,0.00012387448805384338,0.009644507430493832,0.9902316927909851,0.9902316927909851,4
MMdata_1136.50s_0327_183428_2ml,124,620.0,2,4,,0.0001529678556835279,0.012494717724621296,0.9873522520065308,0.9873522520065308,4
MMdata_1136.50s_0327_183428_2ml,125,625.0,2,4,,0.00010694860247895122,0.007612171117216349,0.992280900478363,0.992280900478363,4
MMdata_1136.50s_0327_183428_2ml,126,630.0,2,4,,0.00011631428060354665,0.00851430557668209,0.9913694262504578,0.9913694262504578,4
MMdata_1136.50s_0327_183428_2ml,127,635.0,2,4,,0.00013081470387987792,0.010482316836714745,0.9893869161605835,0.9893869161605835,4
MMdata_1136.50s_0327_183428_2ml,128,640.0,2,4,,0.00011698259913828224,0.008476078510284424,0.9914069175720215,0.9914069175720215,4
MMdata_1136.50s_0327_183428_2ml,129,645.0,2,4,,0.00010874162398977205,0.00800684280693531,0.9918844699859619,0.9918844699859619,4
MMdata_1136.50s_0327_183428_2ml,130,650.0,2,4,,7.644588913535699e-05,0.004479095805436373,0.9954444169998169,0.9954444169998169,4
MMdata_1136.50s_0327_183428_2ml,131,655.0,2,4,,0.00015138916205614805,0.012668506242334843,0.9871800541877747,0.9871800541877747,4
MMdata_1136.50s_0327_183428_2ml,132,660.0,2,4,,0.0001259708806173876,0.009575174190104008,0.990298867225647,0.990298867225647,4
MMdata_1136.50s_0327_183428_2ml,133,665.0,2,4,,9.9471457360778e-05,0.006946844048798084,0.9929537177085876,0.9929537177085876,4
MMdata_1136.50s_0327_183428_2ml,134,670.0,2,4,,8.973861258709803e-05,0.005707199219614267,0.9942030310630798,0.9942030310630798,4
MMdata_1136.50s_0327_183428_2ml,135,675.0,2,4,,0.00011076760711148381,0.007833206094801426,0.9920560717582703,0.9920560717582703,4
MMdata_1136.50s_0327_183428_2ml,136,680.0,2,4,,0.0001400681067025289,0.010509888641536236,0.9893500208854675,0.9893500208854675,4
MMdata_1136.50s_0327_183428_2ml,137,685.0,2,4,,0.00011014320625690743,0.008250604383647442,0.9916393160820007,0.9916393160820007,4
MMdata_1136.50s_0327_183428_2ml,138,690.0,2,4,,9.787340968614444e-05,0.006405260879546404,0.9934968948364258,0.9934968948364258,4
MMdata_1136.50s_0327_183428_2ml,139,695.0,2,4,,0.00011166224430780858,0.008032891899347305,0.9918555021286011,0.9918555021286011,4
MMdata_1136.50s_0327_183428_2ml,140,700.0,2,4,,0.00013797657447867095,0.010352246463298798,0.9895098209381104,0.9895098209381104,4
MMdata_1136.50s_0327_183428_2ml,141,705.0,2,4,,0.00010573350300546736,0.007731243968009949,0.9921630024909973,0.9921630024909973,4
MMdata_1136.50s_0327_183428_2ml,142,710.0,2,4,,0.00011007056309608743,0.007663943339139223,0.9922260046005249,0.9922260046005249,4
MMdata_1136.50s_0327_183428_2ml,143,715.0,2,4,,0.0001352427207166329,0.010915268212556839,0.9889495372772217,0.9889495372772217,4
MMdata_1136.50s_0327_183428_2ml,144,720.0,2,4,,0.00011889924644492567,0.008571888320147991,0.9913091659545898,0.9913091659545898,4
MMdata_1136.50s_0327_183428_2ml,145,725.0,2,4,,0.00011100828851340339,0.008225585334002972,0.9916634559631348,0.9916634559631348,4
MMdata_1136.50s_0327_183428_2ml,146,730.0,2,4,,0.00012191094720037654,0.008894474245607853,0.9909836053848267,0.9909836053848267,4
MMdata_1136.50s_0327_183428_2ml,147,735.0,2,4,,0.0001269717322429642,0.010220736265182495,0.9896523356437683,0.9896523356437683,4
MMdata_1136.50s_0327_183428_2ml,148,740.0,2,4,,0.00013126937847118825,0.01037965901196003,0.9894890189170837,0.9894890189170837,4
MMdata_1136.50s_0327_183428_2ml,149,745.0,2,4,,0.00012270935985725373,0.009291678667068481,0.9905856251716614,0.9905856251716614,4
MMdata_1136.50s_0327_183428_2ml,150,750.0,2,4,,0.00012830500782001764,0.009705538861453533,0.9901661276817322,0.9901661276817322,4
MMdata_1136.50s_0327_183428_2ml,151,755.0,2,4,,0.00013609533198177814,0.010792890563607216,0.9890710115432739,0.9890710115432739,4
MMdata_1136.50s_0327_183428_2ml,152,760.0,2,4,,0.0001207068853545934,0.007960491813719273,0.9919188618659973,0.9919188618659973,4
MMdata_1136.50s_0327_183428_2ml,153,765.0,2,4,,9.561630577081814e-05,0.0065106856636703014,0.9933937191963196,0.9933937191963196,4
MMdata_1136.50s_0327_183428_2ml,154,770.0,2,4,,0.0001231553906109184,0.008660368621349335,0.9912165403366089,0.9912165403366089,4
MMdata_1136.50s_0327_183428_2ml,155,775.0,2,4,,0.00012666961993090808,0.010042587295174599,0.9898307919502258,0.9898307919502258,4
MMdata_1136.50s_0327_183428_2ml,156,780.0,2,4,,0.00011481060937512666,0.00833707582205534,0.9915481209754944,0.9915481209754944,4
MMdata_1136.50s_0327_183428_2ml,157,785.0,2,4,,0.0001249423366971314,0.009442618116736412,0.9904324412345886,0.9904324412345886,4
MMdata_1136.50s_0327_183428_2ml,158,790.0,2,4,,0.00010069938434753567,0.006694694049656391,0.9932045936584473,0.9932045936584473,4
MMdata_1136.50s_0327_183428_2ml,159,795.0,2,4,,0.00012944720219820738,0.01044329535216093,0.9894272685050964,0.9894272685050964,4
MMdata_1136.50s_0327_183428_2ml,160,800.0,2,4,,0.00012363308633212,0.009135819971561432,0.9907405376434326,0.9907405376434326,4
MMdata_1136.50s_0327_183428_2ml,161,805.0,2,4,,0.00010135539196198806,0.007349418476223946,0.9925491809844971,0.9925491809844971,4
MMdata_1136.50s_0327_183428_2ml,162,810.0,2,4,,0.00011976357927778736,0.008375250734388828,0.991504967212677,0.991504967212677,4
MMdata_1136.50s_0327_183428_2ml,163,815.0,2,4,,0.000118551506602671,0.008967490866780281,0.990913987159729,0.990913987159729,4
MMdata_1136.50s_0327_183428_2ml,164,820.0,2,4,,0.00010997162462444976,0.007336474489420652,0.9925535321235657,0.9925535321235657,4
MMdata_1136.50s_0327_183428_2ml,165,825.0,2,4,,0.00012193476140964776,0.009423795156180859,0.9904542565345764,0.9904542565345764,4
MMdata_1136.50s_0327_183428_2ml,166,830.0,2,4,,0.00010326036135666072,0.00730396993458271,0.9925927519798279,0.9925927519798279,4
MMdata_1136.50s_0327_183428_2ml,167,835.0,2,4,,0.00011655742127913982,0.008678862825036049,0.991204559803009,0.991204559803009,4
MMdata_1136.50s_0327_183428_2ml,168,840.0,2,4,,0.0001271001237910241,0.00940406508743763,0.9904688000679016,0.9904688000679016,4
MMdata_1136.50s_0327_183428_2ml,169,845.0,2,4,,0.00011456866923253983,0.008763722144067287,0.9911216497421265,0.9911216497421265,4
MMdata_1136.50s_0327_183428_2ml,170,850.0,2,4,,0.0001091382946469821,0.008038479834794998,0.991852343082428,0.991852343082428,4
MMdata_1136.50s_0327_183428_2ml,171,855.0,2,4,,0.00010910093988059089,0.0076705170795321465,0.9922203421592712,0.9922203421592712,4
MMdata_1136.50s_0327_183428_2ml,172,860.0,2,4,,0.00011809127317974344,0.008135680109262466,0.991746187210083,0.991746187210083,4
MMdata_1136.50s_0327_183428_2ml,173,865.0,2,4,,9.635973401600495e-05,0.006698250770568848,0.9932054281234741,0.9932054281234741,4
MMdata_1136.50s_0327_183428_2ml,174,870.0,2,4,,0.00011885758431162685,0.009286852553486824,0.9905942678451538,0.9905942678451538,4
MMdata_1136.50s_0327_183428_2ml,175,875.0,2,4,,0.0001229265471920371,0.009449830278754234,0.9904272556304932,0.9904272556304932,4
MMdata_1136.50s_0327_183428_2ml,176,880.0,2,4,,0.00017495588690508157,0.015374249778687954,0.9844508171081543,0.9844508171081543,4
MMdata_1136.50s_0327_183428_2ml,177,885.0,2,4,,9.988477540900931e-05,0.007112186402082443,0.9927878975868225,0.9927878975868225,4
MMdata_1136.50s_0327_183428_2ml,178,890.0,2,4,,0.00013181171379983425,0.010776114650070667,0.9890921115875244,0.9890921115875244,4
MMdata_1136.50s_0327_183428_2ml,179,895.0,2,4,,0.00010242636199109256,0.007352427113801241,0.9925450682640076,0.9925450682640076,4
MMdata_1136.50s_0327_183428_2ml,180,900.0,2,4,,0.00014839532377664,0.011208659037947655,0.9886429905891418,0.9886429905891418,4
MMdata_1136.50s_0327_183428_2ml,181,905.0,2,4,,0.00011396602349122986,0.008344754576683044,0.99154132604599,0.99154132604599,4
MMdata_1136.50s_0327_183428_2ml,182,910.0,2,4,,0.00011982736032223329,0.008624519221484661,0.9912556409835815,0.9912556409835815,4
MMdata_1136.50s_0327_183428_2ml,183,915.0,2,4,,9.943422628566623e-05,0.006936982274055481,0.9929636120796204,0.9929636120796204,4
MMdata_1136.50s_0327_183428_2ml,184,920.0,2,4,,0.00012816912203561515,0.009735182859003544,0.9901366233825684,0.9901366233825684,4
MMdata_1136.50s_0327_183428_2ml,185,925.0,2,4,,9.652783774072304e-05,0.006696364376693964,0.9932070374488831,0.9932070374488831,4
MMdata_1136.50s_0327_183428_2ml,186,930.0,2,4,,0.0001283647579839453,0.009882887825369835,0.9899887442588806,0.9899887442588806,4
MMdata_1136.50s_0327_183428_2ml,187,935.0,2,4,,0.00014442137035075575,0.01136267650872469,0.9884929060935974,0.9884929060935974,4
MMdata_1136.50s_0327_183428_2ml,188,940.0,2,4,,7.93609069660306e-05,0.004227895755320787,0.995692789554596,0.995692789554596,4
MMdata_1136.50s_0327_183428_2ml,189,945.0,2,4,,9.242593660019338e-05,0.006266801618039608,0.9936408400535583,0.9936408400535583,4
MMdata_1136.50s_0327_183428_2ml,190,950.0,2,4,,0.0001306074991589412,0.010367654263973236,0.9895017743110657,0.9895017743110657,4
MMdata_1136.50s_0327_183428_2ml,191,955.0,2,4,,0.00010653110803104937,0.007433028891682625,0.9924604296684265,0.9924604296684265,4
MMdata_1136.50s_0327_183428_2ml,192,960.0,2,4,,0.00011816037294920534,0.008442633785307407,0.9914392232894897,0.9914392232894897,4
MMdata_1136.50s_0327_183428_2ml,193,965.0,2,4,,0.00011389805877115577,0.008612827397882938,0.9912732243537903,0.9912732243537903,4
MMdata_1136.50s_0327_183428_2ml,194,970.0,2,4,,0.00010597777873044834,0.007720791269093752,0.9921731948852539,0.9921731948852539,4
MMdata_1136.50s_0327_183428_2ml,195,975.0,2,4,,0.00010721548460423946,0.007556592114269733,0.9923362135887146,0.9923362135887146,4
MMdata_1136.50s_0327_183428_2ml,196,980.0,2,4,,0.00014555122470483184,0.0115656154230237,0.9882887601852417,0.9882887601852417,4
MMdata_1136.50s_0327_183428_2ml,197,985.0,2,4,,0.00010305580508429557,0.0070015317760407925,0.9928954243659973,0.9928954243659973,4
MMdata_1136.50s_0327_183428_2ml,198,990.0,2,4,,0.00013134637265466154,0.010070187039673328,0.9897984266281128,0.9897984266281128,4
MMdata_1136.50s_0327_183428_2ml,199,995.0,2,4,,9.841154678724706e-05,0.006543446332216263,0.9933581948280334,0.9933581948280334,4
MMdata_1136.50s_0327_183428_2ml,200,1000.0,2,4,,0.00017032584582921118,0.013793949037790298,0.9860357046127319,0.9860357046127319,4
MMdata_1136.50s_0327_183428_2ml,201,1005.0,2,4,,9.336673247162253e-05,0.006329788360744715,0.9935768246650696,0.9935768246650696,4
MMdata_1136.50s_0327_183428_2ml,202,1010.0,2,4,,0.00011000077211065218,0.007629023864865303,0.9922609925270081,0.9922609925270081,4
MMdata_1136.50s_0327_183428_2ml,203,1015.0,2,4,,0.00011135936074424535,0.008080489002168179,0.9918081164360046,0.9918081164360046,4
MMdata_1136.50s_0327_183428_2ml,204,1020.0,2,4,,0.00015416037058457732,0.01267909724265337,0.987166702747345,0.987166702747345,4
MMdata_1136.50s_0327_183428_2ml,205,1025.0,2,4,,0.00010313580423826352,0.007665297482162714,0.9922314882278442,0.9922314882278442,4
MMdata_1136.50s_0327_183428_2ml,206,1030.0,2,4,,0.00011718169844243675,0.008981519378721714,0.9909013509750366,0.9909013509750366,4
MMdata_1136.50s_0327_183428_2ml,207,1035.0,2,4,,0.00013122668315190822,0.009542511776089668,0.9903262257575989,0.9903262257575989,4
MMdata_1136.50s_0327_183428_2ml,208,1040.0,2,4,,0.0001680617278907448,0.013043789193034172,0.9867881536483765,0.9867881536483765,4
MMdata_1136.50s_0327_183428_2ml,209,1045.0,2,4,,0.0001160457031801343,0.008639424107968807,0.9912444949150085,0.9912444949150085,4
MMdata_1136.50s_0327_183428_2ml,210,1050.0,2,4,,0.00013489005505107343,0.010615533217787743,0.989249587059021,0.989249587059021,4
MMdata_1136.50s_0327_183428_2ml,211,1055.0,2,4,,9.963491174858063e-05,0.006692190188914537,0.993208110332489,0.993208110332489,4
MMdata_1136.50s_0327_183428_2ml,212,1060.0,2,4,,0.00017299872706644237,0.013378152623772621,0.9864488244056702,0.9864488244056702,4
MMdata_1136.50s_0327_183428_2ml,213,1065.0,2,4,,0.0001054744643624872,0.007867854088544846,0.9920266270637512,0.9920266270637512,4
MMdata_1136.50s_0327_183428_2ml,214,1070.0,2,4,,0.00014953729987610132,0.012966823764145374,0.9868836998939514,0.9868836998939514,4
MMdata_1136.50s_0327_183428_2ml,215,1075.0,2,4,,9.56493167905137e-05,0.006408340763300657,0.9934959411621094,0.9934959411621094,4
MMdata_1136.50s_0327_183428_2ml,216,1080.0,2,4,,0.00011781875946326181,0.00776377459987998,0.9921183586120605,0.9921183586120605,4
MMdata_1136.50s_0327_183428_2ml,217,1085.0,2,4,,9.529254020890221e-05,0.0066062165424227715,0.9932984709739685,0.9932984709739685,4
MMdata_1136.50s_0327_183428_2ml,218,1090.0,2,4,,0.00014689214003738016,0.011865957640111446,0.987987220287323,0.987987220287323,4
MMdata_1136.50s_0327_183428_2ml,219,1095.0,2,4,,0.00010019003821071237,0.0069747925736010075,0.9929250478744507,0.9929250478744507,4
MMdata_1136.50s_0327_183428_2ml,220,1100.0,2,4,,0.00013751840742770582,0.010182441212236881,0.9896799921989441,0.9896799921989441,4
MMdata_1136.50s_0327_183428_2ml,221,1105.0,2,4,,8.215328125515953e-05,0.005198162980377674,0.9947196245193481,0.9947196245193481,4
MMdata_1136.50s_0327_183428_2ml,222,1110.0,2,4,,0.00013154307089280337,0.010726669803261757,0.9891418218612671,0.9891418218612671,4
MMdata_1136.50s_0327_183428_2ml,223,1115.0,2,4,,0.00011063949932577088,0.008055092766880989,0.991834282875061,0.991834282875061,4
MMdata_1136.50s_0327_183428_2ml,224,1120.0,2,4,,0.00014959112741053104,0.011916360817849636,0.9879339933395386,0.9879339933395386,4
MMdata_1136.50s_0327_183428_2ml,225,1125.0,2,4,,7.28319282643497e-05,0.0042029013857245445,0.9957243204116821,0.9957243204116821,4
MMdata_1136.50s_0327_183428_2ml,226,1130.0,2,4,,0.0001932768791448325,0.017621001228690147,0.9821857810020447,0.9821857810020447,4
MMdata_235.00s_0320_224031_no_secretion,0,0.0,0,4,,0.00014516556984744966,0.007001376245170832,0.9928534626960754,0.9928534626960754,4
MMdata_235.00s_0320_224031_no_secretion,1,5.0,0,4,,9.90895350696519e-05,0.005217333324253559,0.994683563709259,0.994683563709259,4
MMdata_235.00s_0320_224031_no_secretion,2,10.0,0,4,,0.00010044150985777378,0.004115855786949396,0.9957836866378784,0.9957836866378784,4
MMdata_235.00s_0320_224031_no_secretion,3,15.0,0,4,,0.00010222307901130989,0.004913401789963245,0.9949843883514404,0.9949843883514404,4
MMdata_235.00s_0320_224031_no_secretion,4,20.0,0,4,,0.00010525502875680104,0.004349814727902412,0.9955449104309082,0.9955449104309082,4
MMdata_235.00s_0320_224031_no_secretion,5,25.0,0,4,,9.233392484020442e-05,0.004712909460067749,0.9951947331428528,0.9951947331428528,4
MMdata_235.00s_0320_224031_no_secretion,6,30.0,0,4,,0.00010945042595267296,0.004865712020546198,0.9950248599052429,0.9950248599052429,4
MMdata_235.00s_0320_224031_no_secretion,7,35.0,0,4,,9.260729711968452e-05,0.004156303126364946,0.9957510232925415,0.9957510232925415,4
MMdata_235.00s_0320_224031_no_secretion,8,40.0,0,4,,8.869267185218632e-05,0.0031690511386841536,0.996742308139801,0.996742308139801,4
MMdata_235.00s_0320_224031_no_secretion,9,45.0,0,4,,9.361887350678444e-05,0.004786795005202293,0.995119571685791,0.995119571685791,4
MMdata_235.00s_0320_224031_no_secretion,10,50.0,0,4,,0.00014871328312437981,0.008358392864465714,0.9914929270744324,0.9914929270744324,4
MMdata_235.00s_0320_224031_no_secretion,11,55.0,0,4,,0.00010073957673739642,0.0049138194881379604,0.9949854612350464,0.9949854612350464,4
MMdata_235.00s_0320_224031_no_secretion,12,60.0,0,4,,9.30955502553843e-05,0.0035347607918083668,0.9963722229003906,0.9963722229003906,4
MMdata_235.00s_0320_224031_no_secretion,13,65.0,0,4,,8.472195622744039e-05,0.004101544618606567,0.9958136677742004,0.9958136677742004,4
MMdata_235.00s_0320_224031_no_secretion,14,70.0,0,4,,0.00013398716691881418,0.007191874552518129,0.9926741719245911,0.9926741719245911,4
MMdata_235.00s_0320_224031_no_secretion,15,75.0,0,4,,0.00011333469592500478,0.0060608843341469765,0.9938257932662964,0.9938257932662964,4
MMdata_235.00s_0320_224031_no_secretion,16,80.0,0,4,,9.513854456599802e-05,0.003671106183901429,0.9962337613105774,0.9962337613105774,4
MMdata_235.00s_0320_224031_no_secretion,17,85.0,0,4,,7.979131623869762e-05,0.0036171595565974712,0.9963030815124512,0.9963030815124512,4
MMdata_235.00s_0320_224031_no_secretion,18,90.0,0,4,,0.00012751187023241073,0.007261546328663826,0.9926109910011292,0.9926109910011292,4
MMdata_235.00s_0320_224031_no_secretion,19,95.0,0,4,,0.00010031585406977683,0.004879932384938002,0.995019793510437,0.995019793510437,4
MMdata_235.00s_0320_224031_no_secretion,20,100.0,0,4,,8.235990389948711e-05,0.002820805413648486,0.9970968961715698,0.9970968961715698,4
MMdata_235.00s_0320_224031_no_secretion,21,105.0,0,4,,8.812177838990465e-05,0.004329837393015623,0.9955820441246033,0.9955820441246033,4
MMdata_235.00s_0320_224031_no_secretion,22,110.0,0,4,,0.0001269757776753977,0.007028853986412287,0.9928441643714905,0.9928441643714905,4
MMdata_235.00s_0320_224031_no_secretion,23,115.0,0,4,,0.00010603274859022349,0.005404929630458355,0.9944890737533569,0.9944890737533569,4
MMdata_235.00s_0320_224031_no_secretion,24,120.0,0,4,,7.84706644481048e-05,0.002972650108858943,0.9969488978385925,0.9969488978385925,4
MMdata_235.00s_0320_224031_no_secretion,25,125.0,0,4,,8.727421663934365e-05,0.00424431124702096,0.9956684112548828,0.9956684112548828,4
MMdata_235.00s_0320_224031_no_secretion,26,130.0,0,4,,0.00012013906962238252,0.006087371148169041,0.9937924742698669,0.9937924742698669,4
MMdata_235.00s_0320_224031_no_secretion,27,135.0,0,4,,0.00011661772441584617,0.006452685687690973,0.9934306740760803,0.9934306740760803,4
MMdata_235.00s_0320_224031_no_secretion,28,140.0,0,4,,8.407972200075164e-05,0.0032995499204844236,0.9966164231300354,0.9966164231300354,4
MMdata_235.00s_0320_224031_no_secretion,29,145.0,0,4,,7.174252095865086e-05,0.003061744151636958,0.9968665242195129,0.9968665242195129,4
MMdata_235.00s_0320_224031_no_secretion,30,150.0,0,4,,0.00013905801461078227,0.007793684955686331,0.9920672178268433,0.9920672178268433,4
MMdata_235.00s_0320_224031_no_secretion,31,155.0,0,4,,9.915918781189248e-05,0.004877727013081312,0.9950231313705444,0.9950231313705444,4
MMdata_235.00s_0320_224031_no_secretion,32,160.0,0,4,,9.925957419909537e-05,0.004220749717205763,0.9956799745559692,0.9956799745559692,4
MMdata_235.00s_0320_224031_no_secretion,33,165.0,0,4,,7.453230500686914e-05,0.003441939130425453,0.996483564376831,0.996483564376831,4
MMdata_235.00s_0320_224031_no_secretion,34,170.0,0,4,,0.000138022456667386,0.0073735956102609634,0.9924883842468262,0.9924883842468262,4
MMdata_235.00s_0320_224031_no_secretion,35,175.0,0,4,,0.00010270520579069853,0.005207187496125698,0.9946901798248291,0.9946901798248291,4
MMdata_235.00s_0320_224031_no_secretion,36,180.0,0,4,,0.00011500834807520732,0.005255708005279303,0.9946293234825134,0.9946293234825134,4
MMdata_235.00s_0320_224031_no_secretion,37,185.0,0,4,,6.805530574638397e-05,0.0029141639824956656,0.9970177412033081,0.9970177412033081,4
MMdata_235.00s_0320_224031_no_secretion,38,190.0,0,4,,0.00014311789709609002,0.007732565514743328,0.9921243786811829,0.9921243786811829,4
MMdata_235.00s_0320_224031_no_secretion,39,195.0,0,4,,0.00010064549132948741,0.005040858406573534,0.9948585033416748,0.9948585033416748,4
MMdata_235.00s_0320_224031_no_secretion,40,200.0,0,4,,0.00011120464478153735,0.004959991667419672,0.9949288368225098,0.9949288368225098,4
MMdata_235.00s_0320_224031_no_secretion,41,205.0,0,4,,8.736229938222095e-05,0.004585243295878172,0.995327353477478,0.995327353477478,4
MMdata_235.00s_0320_224031_no_secretion,42,210.0,0,4,,0.00015402332064695656,0.008487294428050518,0.991358757019043,0.991358757019043,4
MMdata_235.00s_0320_224031_no_secretion,43,215.0,0,4,,8.794881432550028e-05,0.00386481499299407,0.9960471987724304,0.9960471987724304,4
MMdata_235.00s_0320_224031_no_secretion,44,220.0,0,4,,0.00014323375944513828,0.007521748077124357,0.9923350214958191,0.9923350214958191,4
MMdata_235.00s_0320_224031_no_secretion,45,225.0,0,4,,8.307561802212149e-05,0.004297647159546614,0.9956192374229431,0.9956192374229431,4
MMdata_235.00s_0320_224031_no_secretion,46,230.0,0,4,,0.0001447969552827999,0.00768518541008234,0.9921700358390808,0.9921700358390808,4
MMdata_442.75s_0327_203239_4ml,0,0.0,4,4,,6.326534639811143e-05,0.003208236303180456,0.9967285394668579,0.9967285394668579,4
MMdata_442.75s_0327_203239_4ml,1,5.0,4,4,,4.271450234227814e-05,0.001739810686558485,0.9982174038887024,0.9982174038887024,4
MMdata_442.75s_0327_203239_4ml,2,10.0,4,4,,5.5145046644611284e-05,0.002713983878493309,0.9972308278083801,0.9972308278083801,4
MMdata_442.75s_0327_203239_4ml,3,15.0,4,4,,8.633414836367592e-05,0.005646711681038141,0.994266927242279,0.994266927242279,4
MMdata_442.75s_0327_203239_4ml,4,20.0,4,4,,5.112478174851276e-05,0.0023857704363763332,0.9975631237030029,0.9975631237030029,4
MMdata_442.75s_0327_203239_4ml,5,25.0,4,4,,4.6054399717831984e-05,0.0020251069217920303,0.9979288578033447,0.9979288578033447,4
MMdata_442.75s_0327_203239_4ml,6,30.0,4,4,,7.621563418069854e-05,0.004670227877795696,0.9952535629272461,0.9952535629272461,4
MMdata_442.75s_0327_203239_4ml,7,35.0,4,4,,8.019565575523302e-05,0.004984719213098288,0.9949350953102112,0.9949350953102112,4
MMdata_442.75s_0327_203239_4ml,8,40.0,4,4,,5.813390453113243e-05,0.0029734482523053885,0.9969684481620789,0.9969684481620789,4
MMdata_442.75s_0327_203239_4ml,9,45.0,4,4,,4.9572583520784974e-05,0.0022894777357578278,0.9976609945297241,0.9976609945297241,4
MMdata_442.75s_0327_203239_4ml,10,50.0,4,4,,7.645199366379529e-05,0.004654000513255596,0.9952694773674011,0.9952694773674011,4
MMdata_442.75s_0327_203239_4ml,11,55.0,4,4,,5.7074321375694126e-05,0.0028055335860699415,0.9971374273300171,0.9971374273300171,4
MMdata_442.75s_0327_203239_4ml,12,60.0,4,4,,6.277384090935811e-05,0.0033913315273821354,0.9965458512306213,0.9965458512306213,4
MMdata_442.75s_0327_203239_4ml,13,65.0,4,4,,5.7879238738678396e-05,0.0029637350235134363,0.9969784021377563,0.9969784021377563,4
MMdata_442.75s_0327_203239_4ml,14,70.0,4,4,,2.9449895009747706e-05,0.0009350432665087283,0.9990354776382446,0.9990354776382446,4
MMdata_442.75s_0327_203239_4ml,15,75.0,4,4,,7.446299423463643e-05,0.004379025660455227,0.9955464601516724,0.9955464601516724,4
MMdata_442.75s_0327_203239_4ml,16,80.0,4,4,,4.4921522203367203e-05,0.001955942250788212,0.9979991316795349,0.9979991316795349,4
MMdata_442.75s_0327_203239_4ml,17,85.0,4,4,,5.373479871195741e-05,0.0026264863554388285,0.997319757938385,0.997319757938385,4
MMdata_442.75s_0327_203239_4ml,18,90.0,4,4,,8.49919524625875e-05,0.0055511402897536755,0.9943639039993286,0.9943639039993286,4
MMdata_442.75s_0327_203239_4ml,19,95.0,4,4,,7.564984844066203e-05,0.004523755982518196,0.995400607585907,0.995400607585907,4
MMdata_442.75s_0327_203239_4ml,20,100.0,4,4,,7.138410728657618e-05,0.004235158674418926,0.9956934452056885,0.9956934452056885,4
MMdata_442.75s_0327_203239_4ml,21,105.0,4,4,,5.4599579016212374e-05,0.00268370914272964,0.997261643409729,0.997261643409729,4
MMdata_442.75s_0327_203239_4ml,22,110.0,4,4,,8.32184377941303e-05,0.005304346326738596,0.994612455368042,0.994612455368042,4
MMdata_442.75s_0327_203239_4ml,23,115.0,4,4,,3.854559327010065e-05,0.001485359505750239,0.9984760880470276,0.9984760880470276,4
MMdata_442.75s_0327_203239_4ml,24,120.0,4,4,,5.486450390890241e-05,0.002718244446441531,0.997226893901825,0.997226893901825,4
MMdata_442.75s_0327_203239_4ml,25,125.0,4,4,,5.2153678552713245e-05,0.0024749180302023888,0.9974729418754578,0.9974729418754578,4
MMdata_442.75s_0327_203239_4ml,26,130.0,4,4,,8.190565858967602e-05,0.0052044931799173355,0.9947136044502258,0.9947136044502258,4
MMdata_442.75s_0327_203239_4ml,27,135.0,4,4,,6.60979567328468e-05,0.0036095231771469116,0.996324360370636,0.996324360370636,4
MMdata_442.75s_0327_203239_4ml,28,140.0,4,4,,4.0803181036608294e-05,0.0016820610035210848,0.9982771873474121,0.9982771873474121,4
MMdata_442.75s_0327_203239_4ml,29,145.0,4,4,,5.4091549827717245e-05,0.0026636121328920126,0.9972822666168213,0.9972822666168213,4
MMdata_442.75s_0327_203239_4ml,30,150.0,4,4,,8.692718984093517e-05,0.0057143233716487885,0.9941987991333008,0.9941987991333008,4
MMdata_442.75s_0327_203239_4ml,31,155.0,4,4,,7.27267179172486e-05,0.0042331768199801445,0.9956940412521362,0.9956940412521362,4
MMdata_442.75s_0327_203239_4ml,32,160.0,4,4,,5.1236893341410905e-05,0.002459855517372489,0.9974888563156128,0.9974888563156128,4
MMdata_442.75s_0327_203239_4ml,33,165.0,4,4,,3.467945134616457e-05,0.001242190832272172,0.9987230896949768,0.9987230896949768,4
MMdata_442.75s_0327_203239_4ml,34,170.0,4,4,,6.530152313644066e-05,0.0034928463865071535,0.9964419007301331,0.9964419007301331,4
MMdata_442.75s_0327_203239_4ml,35,175.0,4,4,,7.817438017809764e-05,0.004812547937035561,0.9951092600822449,0.9951092600822449,4
MMdata_442.75s_0327_203239_4ml,36,180.0,4,4,,6.537831359310076e-05,0.003655846929177642,0.9962788224220276,0.9962788224220276,4
MMdata_442.75s_0327_203239_4ml,37,185.0,4,4,,3.286725404905155e-05,0.001135147293098271,0.9988320469856262,0.9988320469856262,4
MMdata_442.75s_0327_203239_4ml,38,190.0,4,4,,6.541340553667396e-05,0.0035752509720623493,0.9963592886924744,0.9963592886924744,4
MMdata_442.75s_0327_203239_4ml,39,195.0,4,4,,7.850286056054756e-05,0.004854170139878988,0.9950673580169678,0.9950673580169678,4
MMdata_442.75s_0327_203239_4ml,40,200.0,4,4,,6.409752677427605e-05,0.0035316585563123226,0.9964042901992798,0.9964042901992798,4
MMdata_442.75s_0327_203239_4ml,41,205.0,4,4,,6.135881267255172e-05,0.0032759204041212797,0.9966626763343811,0.9966626763343811,4
MMdata_442.75s_0327_203239_4ml,42,210.0,4,4,,5.5760327086318284e-05,0.0027575341518968344,0.9971867203712463,0.9971867203712463,4
MMdata_442.75s_0327_203239_4ml,43,215.0,4,4,,7.525355613324791e-05,0.004464787431061268,0.9954599738121033,0.9954599738121033,4
MMdata_442.75s_0327_203239_4ml,44,220.0,4,4,,6.308572483249009e-05,0.0034453526604920626,0.9964914917945862,0.9964914917945862,4
MMdata_442.75s_0327_203239_4ml,45,225.0,4,4,,6.562525231856853e-05,0.0036536790430545807,0.9962807297706604,0.9962807297706604,4
MMdata_442.75s_0327_203239_4ml,46,230.0,4,4,,3.2159230613615364e-05,0.0010930708376690745,0.9988747239112854,0.9988747239112854,4
MMdata_442.75s_0327_203239_4ml,47,235.0,4,4,,5.896445509279147e-05,0.0030478129629045725,0.9968931674957275,0.9968931674957275,4
MMdata_442.75s_0327_203239_4ml,48,240.0,4,4,,6.4502251916565e-05,0.0035672097001224756,0.9963682889938354,0.9963682889938354,4
MMdata_442.75s_0327_203239_4ml,49,245.0,4,4,,5.869199594599195e-05,0.002989610191434622,0.996951699256897,0.996951699256897,4
MMdata_442.75s_0327_203239_4ml,50,250.0,4,4,,7.90895865065977e-05,0.004881237633526325,0.9950396418571472,0.9950396418571472,4
MMdata_442.75s_0327_203239_4ml,51,255.0,4,4,,4.542379247141071e-05,0.0019448406528681517,0.9980097413063049,0.9980097413063049,4
MMdata_442.75s_0327_203239_4ml,52,260.0,4,4,,6.156931340228766e-05,0.0033126245252788067,0.9966257810592651,0.9966257810592651,4
MMdata_442.75s_0327_203239_4ml,53,265.0,4,4,,6.443827442126349e-05,0.003555437782779336,0.9963801503181458,0.9963801503181458,4
MMdata_442.75s_0327_203239_4ml,54,270.0,4,4,,4.012463250546716e-05,0.0015990810934454203,0.998360812664032,0.998360812664032,4
MMdata_442.75s_0327_203239_4ml,55,275.0,4,4,,6.343834684230387e-05,0.0034137724433094263,0.9965227842330933,0.9965227842330933,4
MMdata_442.75s_0327_203239_4ml,56,280.0,4,4,,2.9600478228530847e-05,0.0009569377871230245,0.9990134239196777,0.9990134239196777,4
MMdata_442.75s_0327_203239_4ml,57,285.0,4,4,,6.292179023148492e-05,0.0033830669708549976,0.9965540170669556,0.9965540170669556,4
MMdata_442.75s_0327_203239_4ml,58,290.0,4,4,,8.066192094702274e-05,0.005056504160165787,0.9948628544807434,0.9948628544807434,4
MMdata_442.75s_0327_203239_4ml,59,295.0,4,4,,6.091583054512739e-05,0.003205804852768779,0.9967333078384399,0.9967333078384399,4
MMdata_442.75s_0327_203239_4ml,60,300.0,4,4,,2.0522655177046545e-05,0.0005091540515422821,0.9994702935218811,0.9994702935218811,4
MMdata_442.75s_0327_203239_4ml,61,305.0,4,4,,5.380457514547743e-05,0.0026011087466031313,0.9973451495170593,0.9973451495170593,4
MMdata_442.75s_0327_203239_4ml,62,310.0,4,4,,7.080211798893288e-05,0.004053446464240551,0.9958757758140564,0.9958757758140564,4
MMdata_442.75s_0327_203239_4ml,63,315.0,4,4,,5.106681783217937e-05,0.002362537896260619,0.9975863695144653,0.9975863695144653,4
MMdata_442.75s_0327_203239_4ml,64,320.0,4,4,,4.248015829944052e-05,0.0017530188197270036,0.9982044696807861,0.9982044696807861,4
MMdata_442.75s_0327_203239_4ml,65,325.0,4,4,,4.40814983448945e-05,0.0018699944484978914,0.9980859756469727,0.9980859756469727,4
MMdata_442.75s_0327_203239_4ml,66,330.0,4,4,,8.02048816694878e-05,0.005004124250262976,0.9949157238006592,0.9949157238006592,4
MMdata_442.75s_0327_203239_4ml,67,335.0,4,4,,7.09278101567179e-05,0.0041123200207948685,0.9958167672157288,0.9958167672157288,4
MMdata_442.75s_0327_203239_4ml,68,340.0,4,4,,6.013862366671674e-05,0.0031624226830899715,0.9967774748802185,0.9967774748802185,4
MMdata_442.75s_0327_203239_4ml,69,345.0,4,4,,5.252496703178622e-05,0.0025216168724000454,0.9974258542060852,0.9974258542060852,4
MMdata_442.75s_0327_203239_4ml,70,350.0,4,4,,8.783524390310049e-05,0.005830143112689257,0.9940820336341858,0.9940820336341858,4
MMdata_442.75s_0327_203239_4ml,71,355.0,4,4,,7.119443762348965e-05,0.004131616558879614,0.9957971572875977,0.9957971572875977,4
MMdata_442.75s_0327_203239_4ml,72,360.0,4,4,,5.969251651549712e-05,0.003108022268861532,0.9968323111534119,0.9968323111534119,4
MMdata_442.75s_0327_203239_4ml,73,365.0,4,4,,6.115638825576752e-05,0.0032353224232792854,0.996703565120697,0.996703565120697,4
MMdata_442.75s_0327_203239_4ml,74,370.0,4,4,,6.445875624194741e-05,0.0034621339291334152,0.9964733719825745,0.9964733719825745,4
MMdata_442.75s_0327_203239_4ml,75,375.0,4,4,,7.059854397084564e-05,0.004066129680722952,0.9958631992340088,0.9958631992340088,4
MMdata_442.75s_0327_203239_4ml,76,380.0,4,4,,5.980438436381519e-05,0.003110526828095317,0.9968296885490417,0.9968296885490417,4
MMdata_442.75s_0327_203239_4ml,77,385.0,4,4,,6.33498202660121e-05,0.0034188376739621162,0.9965177774429321,0.9965177774429321,4
MMdata_442.75s_0327_203239_4ml,78,390.0,4,4,,6.940188904991373e-05,0.003979993052780628,0.9959505796432495,0.9959505796432495,4
MMdata_442.75s_0327_203239_4ml,79,395.0,4,4,,8.202042226912454e-05,0.005198432598263025,0.9947195053100586,0.9947195053100586,4
MMdata_442.75s_0327_203239_4ml,80,400.0,4,4,,6.0375114117050543e-05,0.00317127606831491,0.9967683553695679,0.9967683553695679,4
MMdata_442.75s_0327_203239_4ml,81,405.0,4,4,,5.606754348264076e-05,0.0027996795251965523,0.9971442818641663,0.9971442818641663,4
MMdata_442.75s_0327_203239_4ml,82,410.0,4,4,,6.105769716668874e-05,0.0032084169797599316,0.9967305660247803,0.9967305660247803,4
MMdata_442.75s_0327_203239_4ml,83,415.0,4,4,,6.811939965700731e-05,0.0038387977983802557,0.9960930943489075,0.9960930943489075,4
MMdata_442.75s_0327_203239_4ml,84,420.0,4,4,,5.682562186848372e-05,0.0028411238454282284,0.9971020817756653,0.9971020817756653,4
MMdata_442.75s_0327_203239_4ml,85,425.0,4,4,,3.874114918289706e-05,0.0015181312337517738,0.9984431862831116,0.9984431862831116,4
MMdata_442.75s_0327_203239_4ml,86,430.0,4,4,,7.148133590817451e-05,0.004182526376098394,0.9957459568977356,0.9957459568977356,4
MMdata_442.75s_0327_203239_4ml,87,435.0,4,4,,6.903830217197537e-05,0.003932536114007235,0.9959983825683594,0.9959983825683594,4
