session,window_index,start_sec,expected_label,board_label,board_prob_0,board_prob_2,board_prob_4,board_prob_max,board_prob_argmax
MMdata_1136.50s_0327_183428_2ml,0,0.0,2,2,0.0006906613707542419,0.9963229894638062,0.0029863445088267326,0.9963229894638062,2
MMdata_1136.50s_0327_183428_2ml,1,5.0,2,2,0.0006587771931663156,0.9952681660652161,0.004073060117661953,0.9952681660652161,2
MMdata_1136.50s_0327_183428_2ml,2,10.0,2,2,0.0006016837432980537,0.9919705390930176,0.0074277338571846485,0.9919705390930176,2
MMdata_1136.50s_0327_183428_2ml,3,15.0,2,2,0.0007131163729354739,0.9959207773208618,0.003366071730852127,0.9959207773208618,2
MMdata_1136.50s_0327_183428_2ml,4,20.0,2,2,0.0006605788948945701,0.9940045475959778,0.005334893707185984,0.9940045475959778,2
MMdata_1136.50s_0327_183428_2ml,5,25.0,2,2,0.0006581805064342916,0.9945317506790161,0.0048099360428750515,0.9945317506790161,2
MMdata_1136.50s_0327_183428_2ml,6,30.0,2,2,0.0006198087939992547,0.9904148578643799,0.008965286426246166,0.9904148578643799,2
MMdata_1136.50s_0327_183428_2ml,7,35.0,2,2,0.0007385870558209717,0.9968206882476807,0.0024408160243183374,0.9968206882476807,2
MMdata_1136.50s_0327_183428_2ml,8,40.0,2,2,0.0006628461414948106,0.9934158325195312,0.005921344738453627,0.9934158325195312,2
MMdata_1136.50s_0327_183428_2ml,9,45.0,2,2,0.0006714079645462334,0.9963546991348267,0.002973922761157155,0.9963546991348267,2
MMdata_1136.50s_0327_183428_2ml,10,50.0,2,2,0.0006296822684817016,0.9897449612617493,0.009625405073165894,0.9897449612617493,2
MMdata_1136.50s_0327_183428_2ml,11,55.0,2,2,0.0008301381603814662,0.9961292743682861,0.003040523733943701,0.9961292743682861,2
MMdata_1136.50s_0327_183428_2ml,12,60.0,2,2,0.0006723341648466885,0.9956821203231812,0.0036455390509217978,0.9956821203231812,2
MMdata_1136.50s_0327_183428_2ml,13,65.0,2,2,0.000717481249012053,0.9968830347061157,0.0023995889350771904,0.9968830347061157,2
MMdata_1136.50s_0327_183428_2ml,14,70.0,2,2,0.0006117896409705281,0.9930828809738159,0.006305318791419268,0.9930828809738159,2
MMdata_1136.50s_0327_183428_2ml,15,75.0,2,2,0.0009609210537746549,0.9937806725502014,0.005258480552583933,0.9937806725502014,2
MMdata_1136.50s_0327_183428_2ml,16,80.0,2,2,0.000672639871481806,0.9949002861976624,0.004427111707627773,0.9949002861976624,2
MMdata_1136.50s_0327_183428_2ml,17,85.0,2,2,0.0006616594037041068,0.9948939085006714,0.004444397985935211,0.9948939085006714,2
MMdata_1136.50s_0327_183428_2ml,18,90.0,2,2,0.0006171177956275642,0.9900258779525757,0.009356986731290817,0.9900258779525757,2
MMdata_1136.50s_0327_183428_2ml,19,95.0,2,2,0.0008105626911856234,0.9969151020050049,0.002274267142638564,0.9969151020050049,2
MMdata_1136.50s_0327_183428_2ml,20,100.0,2,2,0.0007176885264925659,0.9962257146835327,0.003056599758565426,0.9962257146835327,2
MMdata_1136.50s_0327_183428_2ml,21,105.0,2,2,0.000635778356809169,0.9958842396736145,0.003479997394606471,0.9958842396736145,2
MMdata_1136.50s_0327_183428_2ml,22,110.0,2,2,0.0006401436985470355,0.9886485934257507,0.010711269453167915,0.9886485934257507,2
MMdata_1136.50s_0327_183428_2ml,23,115.0,2,2,0.0007942614029161632,0.9969384670257568,0.0022673048079013824,0.9969384670257568,2
MMdata_1136.50s_0327_183428_2ml,24,120.0,2,2,0.0006934307748451829,0.9951674938201904,0.00413911510258913,0.9951674938201904,2
MMdata_1136.50s_0327_183428_2ml,25,125.0,2,2,0.0006608364637941122,0.9967005848884583,0.0026385111268609762,0.9967005848884583,2
MMdata_1136.50s_0327_183428_2ml,26,130.0,2,2,0.000605767301749438,0.9910599589347839,0.008334322832524776,0.9910599589347839,2
MMdata_1136.50s_0327_183428_2ml,27,135.0,2,2,0.000738616450689733,0.9953025579452515,0.0039588981308043,0.9953025579452515,2
MMdata_1136.50s_0327_183428_2ml,28,140.0,2,2,0.0006876328261569142,0.9946277737617493,0.004684635438024998,0.9946277737617493,2
MMdata_1136.50s_0327_183428_2ml,29,145.0,2,2,0.0007393464329652488,0.9968782663345337,0.0023823631927371025,0.9968782663345337,2
MMdata_1136.50s_0327_183428_2ml,30,150.0,2,2,0.0005942911957390606,0.9924601912498474,0.0069455732591450214,0.9924601912498474,2
MMdata_1136.50s_0327_183428_2ml,31,155.0,2,2,0.000939057266805321,0.9955917000770569,0.0034692378249019384,0.9955917000770569,2
MMdata_1136.50s_0327_183428_2ml,32,160.0,2,2,0.0006625333335250616,0.9959681034088135,0.003369438461959362,0.9959681034088135,2
MMdata_1136.50s_0327_183428_2ml,33,165.0,2,2,0.0007623276906087995,0.9871305823326111,0.012107085436582565,0.9871305823326111,2
MMdata_1136.50s_0327_183428_2ml,34,170.0,2,2,0.000586106616538018,0.9929601550102234,0.006453718524426222,0.9929601550102234,2
MMdata_1136.50s_0327_183428_2ml,35,175.0,2,2,0.0008010510355234146,0.9959140419960022,0.003284940030425787,0.9959140419960022,2
MMdata_1136.50s_0327_183428_2ml,36,180.0,2,2,0.0007347041973844171,0.9949093461036682,0.004355956334620714,0.9949093461036682,2
MMdata_1136.50s_0327_183428_2ml,37,185.0,2,2,0.0006565810181200504,0.9952216744422913,0.004121745936572552,0.9952216744422913,2
MMdata_1136.50s_0327_183428_2ml,38,190.0,2,2,0.0005957604153081775,0.9920321702957153,0.007372107356786728,0.9920321702957153,2
MMdata_1136.50s_0327_183428_2ml,39,195.0,2,2,0.0009830452036112547,0.9951070547103882,0.00390989426523447,0.9951070547103882,2
MMdata_1136.50s_0327_183428_2ml,40,200.0,2,2,0.000676699448376894,0.9947545528411865,0.0045688217505812645,0.9947545528411865,2
MMdata_1136.50s_0327_183428_2ml,41,205.0,2,2,0.0008279007161036134,0.9815100431442261,0.017662007361650467,0.9815100431442261,2
MMdata_1136.50s_0327_183428_2ml,42,210.0,2,2,0.0005947859026491642,0.9921923279762268,0.007212908938527107,0.9921923279762268,2
MMdata_1136.50s_0327_183428_2ml,43,215.0,2,2,0.0008107543108053505,0.9967623949050903,0.002426824066787958,0.9967623949050903,2
MMdata_1136.50s_0327_183428_2ml,44,220.0,2,2,0.0006682484527118504,0.996393620967865,0.0029381250496953726,0.996393620967865,2
MMdata_1136.50s_0327_183428_2ml,45,225.0,2,2,0.0006519402377307415,0.9956334233283997,0.003714608261361718,0.9956334233283997,2
MMdata_1136.50s_0327_183428_2ml,46,230.0,2,2,0.0005806427216157317,0.9934967756271362,0.005922476761043072,0.9934967756271362,2
MMdata_1136.50s_0327_183428_2ml,47,235.0,2,2,0.0008485983707942069,0.9961005449295044,0.003050923114642501,0.9961005449295044,2
MMdata_1136.50s_0327_183428_2ml,48,240.0,2,2,0.0006814593798480928,0.9957771301269531,0.0035413610748946667,0.9957771301269531,2
MMdata_1136.50s_0327_183428_2ml,49,245.0,2,2,0.0006822784198448062,0.994247555732727,0.005070149432867765,0.994247555732727,2
MMdata_1136.50s_0327_183428_2ml,50,250.0,2,2,0.0005874173948541284,0.9928820133209229,0.006530592683702707,0.9928820133209229,2
MMdata_1136.50s_0327_183428_2ml,51,255.0,2,2,0.0009314599446952343,0.9962453246116638,0.002823180751875043,0.9962453246116638,2
MMdata_1136.50s_0327_183428_2ml,52,260.0,2,2,0.0007142135873436928,0.9966952800750732,0.0025905021466314793,0.9966952800750732,2
MMdata_1136.50s_0327_183428_2ml,53,265.0,2,2,0.0006208772538229823,0.9956552982330322,0.0037237717770040035,0.9956552982330322,2
MMdata_1136.50s_0327_183428_2ml,54,270.0,2,2,0.000586097885388881,0.9931660294532776,0.006247878074645996,0.9931660294532776,2
MMdata_1136.50s_0327_183428_2ml,55,275.0,2,2,0.0007971057784743607,0.9949518442153931,0.004250959027558565,0.9949518442153931,2
MMdata_1136.50s_0327_183428_2ml,56,280.0,2,2,0.0007460631895810366,0.9966301321983337,0.002623792737722397,0.9966301321983337,2
MMdata_1136.50s_0327_183428_2ml,57,285.0,2,2,0.0006475763511843979,0.9959312081336975,0.0034213054459542036,0.9959312081336975,2
MMdata_1136.50s_0327_183428_2ml,58,290.0,2,2,0.0005668598460033536,0.9952274560928345,0.004205642733722925,0.9952274560928345,2
MMdata_1136.50s_0327_183428_2ml,59,295.0,2,2,0.0009592040441930294,0.996589183807373,0.0024515914265066385,0.996589183807373,2
MMdata_1136.50s_0327_183428_2ml,60,300.0,2,2,0.0007338912691920996,0.9968141913414001,0.002451900392770767,0.9968141913414001,2
MMdata_1136.50s_0327_183428_2ml,61,305.0,2,2,0.0006503595504909754,0.9933918118476868,0.0059577422216534615,0.9933918118476868,2
MMdata_1136.50s_0327_183428_2ml,62,310.0,2,2,0.0005674790591001511,0.9945288300514221,0.004903655033558607,0.9945288300514221,2
MMdata_1136.50s_0327_183428_2ml,63,315.0,2,2,0.0017917673103511333,0.9961228966712952,0.0020852982997894287,0.9961228966712952,2
MMdata_1136.50s_0327_183428_2ml,64,320.0,2,2,0.0006960993632674217,0.9958908557891846,0.0034130378626286983,0.9958908557891846,2
MMdata_1136.50s_0327_183428_2ml,65,325.0,2,2,0.0006743119447492063,0.9957576394081116,0.003568001091480255,0.9957576394081116,2
MMdata_1136.50s_0327_183428_2ml,66,330.0,2,2,0.0005673425039276481,0.9945811629295349,0.004851529840379953,0.9945811629295349,2
MMdata_1136.50s_0327_183428_2ml,67,335.0,2,2,0.0008566860924474895,0.9966211318969727,0.0025221272371709347,0.9966211318969727,2
MMdata_1136.50s_0327_183428_2ml,68,340.0,2,2,0.0007796103600412607,0.9963037967681885,0.0029166368767619133,0.9963037967681885,2
MMdata_1136.50s_0327_183428_2ml,69,345.0,2,2,0.0007628386956639588,0.9894266128540039,0.00981054361909628,0.9894266128540039,2
MMdata_1136.50s_0327_183428_2ml,70,350.0,2,2,0.0005683379713445902,0.9951435327529907,0.004288084805011749,0.9951435327529907,2
MMdata_1136.50s_0327_183428_2ml,71,355.0,2,2,0.0008874645573087037,0.9969258904457092,0.0021865807939320803,0.9969258904457092,2
MMdata_1136.50s_0327_183428_2ml,72,360.0,2,2,0.000726453959941864,0.9954010248184204,0.003872487461194396,0.9954010248184204,2
MMdata_1136.50s_0327_183428_2ml,73,365.0,2,2,0.0006872229278087616,0.9959222078323364,0.0033906721509993076,0.9959222078323364,2
MMdata_1136.50s_0327_183428_2ml,74,370.0,2,2,0.0005610012449324131,0.9957669973373413,0.0036720677744597197,0.9957669973373413,2
MMdata_1136.50s_0327_183428_2ml,75,375.0,2,2,0.0008227418293245137,0.9969310164451599,0.0022462361957877874,0.9969310164451599,2
MMdata_1136.50s_0327_183428_2ml,76,380.0,2,2,0.000733350811060518,0.9967063069343567,0.002560324501246214,0.9967063069343567,2
MMdata_1136.50s_0327_183428_2ml,77,385.0,2,2,0.0006661001825705171,0.996354341506958,0.002979571232572198,0.996354341506958,2
MMdata_1136.50s_0327_183428_2ml,78,390.0,2,2,0.0005702454363927245,0.9944063425064087,0.005023511126637459,0.9944063425064087,2
MMdata_1136.50s_0327_183428_2ml,79,395.0,2,2,0.0008148573688231409,0.9965169429779053,0.00266826874576509,0.9965169429779053,2
MMdata_1136.50s_0327_183428_2ml,80,400.0,2,2,0.0008861368405632675,0.9958588480949402,0.0032551109325140715,0.9958588480949402,2
MMdata_1136.50s_0327_183428_2ml,81,405.0,2,2,0.0006744498386979103,0.9947984218597412,0.004527117591351271,0.9947984218597412,2
MMdata_1136.50s_0327_183428_2ml,82,410.0,2,2,0.000566990056540817,0.994310736656189,0.005122350063174963,0.994310736656189,2
MMdata_1136.50s_0327_183428_2ml,83,415.0,2,2,0.000832266581710428,0.9955500364303589,0.003617677604779601,0.9955500364303589,2
MMdata_1136.50s_0327_183428_2ml,84,420.0,2,2,0.000794394756667316,0.9962917566299438,0.002913790987804532,0.9962917566299438,2
MMdata_1136.50s_0327_183428_2ml,85,425.0,2,2,0.0006969913956709206,0.9963059425354004,0.002997078001499176,0.9963059425354004,2
MMdata_1136.50s_0327_183428_2ml,86,430.0,2,2,0.0005636658752337098,0.9958198070526123,0.003616582602262497,0.9958198070526123,2
MMdata_1136.50s_0327_183428_2ml,87,435.0,2,2,0.0007503096712753177,0.9937301874160767,0.005519533064216375,0.9937301874160767,2
MMdata_1136.50s_0327_183428_2ml,88,440.0,2,2,0.0007127059507183731,0.996796190738678,0.002491121646016836,0.996796190738678,2
MMdata_1136.50s_0327_183428_2ml,89,445.0,2,2,0.0006693659815937281,0.9957587122917175,0.003571889828890562,0.9957587122917175,2
MMdata_1136.50s_0327_183428_2ml,90,450.0,2,2,0.0005624048062600195,0.9950390458106995,0.004398619756102562,0.9950390458106995,2
MMdata_1136.50s_0327_183428_2ml,91,455.0,2,2,0.0007884049555286765,0.9846077561378479,0.014603789895772934,0.9846077561378479,2
MMdata_1136.50s_0327_183428_2ml,92,460.0,2,2,0.000752301246393472,0.9965142607688904,0.0027334019541740417,0.9965142607688904,2
MMdata_1136.50s_0327_183428_2ml,93,465.0,2,2,0.0007229879847727716,0.9968270659446716,0.0024499560240656137,0.9968270659446716,2
MMdata_1136.50s_0327_183428_2ml,94,470.0,2,2,0.0005594369722530246,0.9954988360404968,0.003941767383366823,0.9954988360404968,2
MMdata_1136.50s_0327_183428_2ml,95,475.0,2,2,0.0006983564817346632,0.9941189289093018,0.005182674620300531,0.9941189289093018,2
MMdata_1136.50s_0327_183428_2ml,96,480.0,2,2,0.0007267692708410323,0.9964667558670044,0.0028064395301043987,0.9964667558670044,2
MMdata_1136.50s_0327_183428_2ml,97,485.0,2,2,0.0006994823343120515,0.9967628717422485,0.002537534339353442,0.9967628717422485,2
MMdata_1136.50s_0327_183428_2ml,98,490.0,2,2,0.0005632888642139733,0.9948810338973999,0.004555657040327787,0.9948810338973999,2
MMdata_1136.50s_0327_183428_2ml,99,495.0,2,2,0.0007397771114483476,0.9931406378746033,0.00611951295286417,0.9931406378746033,2
MMdata_1136.50s_0327_183428_2ml,100,500.0,2,2,0.0007312398520298302,0.9970640540122986,0.0022047327365726233,0.9970640540122986,2
MMdata_1136.50s_0327_183428_2ml,101,505.0,2,2,0.0006946424255147576,0.9954873919487,0.003817980410531163,0.9954873919487,2
MMdata_1136.50s_0327_183428_2ml,102,510.0,2,2,0.0005720853805541992,0.9940927624702454,0.005335082765668631,0.9940927624702454,2
MMdata_1136.50s_0327_183428_2ml,103,515.0,2,2,0.0007866212399676442,0.9869900345802307,0.012223242782056332,0.9869900345802307,2
MMdata_1136.50s_0327_183428_2ml,104,520.0,2,2,0.0006729761371389031,0.9969209432601929,0.002406080486252904,0.9969209432601929,2
MMdata_1136.50s_0327_183428_2ml,105,525.0,2,2,0.0008449165034107864,0.9969045519828796,0.002250421792268753,0.9969045519828796,2
MMdata_1136.50s_0327_183428_2ml,106,530.0,2,2,0.0005641403258778155,0.9947627186775208,0.004673160146921873,0.9947627186775208,2
MMdata_1136.50s_0327_183428_2ml,107,535.0,2,2,0.0009705151314847171,0.9833709001541138,0.01565859280526638,0.9833709001541138,2
MMdata_1136.50s_0327_183428_2ml,108,540.0,2,2,0.0007901869248598814,0.9961207509040833,0.0030890239868313074,0.9961207509040833,2
MMdata_1136.50s_0327_183428_2ml,109,545.0,2,2,0.0007032174034975469,0.9963448643684387,0.0029518441297113895,0.9963448643684387,2
MMdata_1136.50s_0327_183428_2ml,110,550.0,2,2,0.0005668903468176723,0.9962414503097534,0.003191752126440406,0.9962414503097534,2
MMdata_1136.50s_0327_183428_2ml,111,555.0,2,2,0.0008923120913095772,0.974524199962616,0.024583475664258003,0.974524199962616,2
MMdata_1136.50s_0327_183428_2ml,112,560.0,2,2,0.0007090301369316876,0.9970044493675232,0.0022865119390189648,0.9970044493675232,2
MMdata_1136.50s_0327_183428_2ml,113,565.0,2,2,0.0006576724699698389,0.9964041709899902,0.002938179997727275,0.9964041709899902,2
MMdata_1136.50s_0327_183428_2ml,114,570.0,2,2,0.0005690446705557406,0.995412290096283,0.004018690902739763,0.995412290096283,2
MMdata_1136.50s_0327_183428_2ml,115,575.0,2,2,0.001030582352541387,0.9700912237167358,0.028878137469291687,0.9700912237167358,2
MMdata_1136.50s_0327_183428_2ml,116,580.0,2,2,0.0008265295182354748,0.9960408210754395,0.0031326201278716326,0.9960408210754395,2
MMdata_1136.50s_0327_183428_2ml,117,585.0,2,2,0.0008775339229032397,0.9926031231880188,0.00651936000213027,0.9926031231880188,2
MMdata_1136.50s_0327_183428_2ml,118,590.0,2,2,0.0005648838123306632,0.9949742555618286,0.004460825584828854,0.9949742555618286,2
MMdata_1136.50s_0327_183428_2ml,119,595.0,2,2,0.0009501263266429305,0.9647257924079895,0.034324076026678085,0.9647257924079895,2
MMdata_1136.50s_0327_183428_2ml,120,600.0,2,2,0.0006403660518117249,0.9961035251617432,0.0032561065163463354,0.9961035251617432,2
MMdata_1136.50s_0327_183428_2ml,121,605.0,2,2,0.0006686194683425128,0.992462158203125,0.006869289092719555,0.992462158203125,2
MMdata_1136.50s_0327_183428_2ml,122,610.0,2,2,0.0005726798553951085,0.9953413009643555,0.004086111206561327,0.9953413009643555,2
MMdata_1136.50s_0327_183428_2ml,123,615.0,2,2,0.0009007098851725459,0.9796247482299805,0.01947447657585144,0.9796247482299805,2
MMdata_1136.50s_0327_183428_2ml,124,620.0,2,2,0.0006032612291164696,0.9959983825683594,0.003398305969312787,0.9959983825683594,2
MMdata_1136.50s_0327_183428_2ml,125,625.0,2,2,0.0006446327897720039,0.9937916398048401,0.005563817452639341,0.9937916398048401,2
MMdata_1136.50s_0327_183428_2ml,126,630.0,2,2,0.0005678661982528865,0.9951949715614319,0.004237155895680189,0.9951949715614319,2
MMdata_1136.50s_0327_183428_2ml,127,635.0,2,2,0.0007970925653353333,0.9918346405029297,0.007368253543972969,0.9918346405029297,2
MMdata_1136.50s_0327_183428_2ml,128,640.0,2,2,0.0006356957019306719,0.9956034421920776,0.0037609366700053215,0.9956034421920776,2
MMdata_1136.50s_0327_183428_2ml,129,645.0,2,2,0.000635748787317425,0.9950495362281799,0.004314635414630175,0.9950495362281799,2
MMdata_1136.50s_0327_183428_2ml,130,650.0,2,2,0.0005783627275377512,0.9949930310249329,0.00442862045019865,0.9949930310249329,2
MMdata_1136.50s_0327_183428_2ml,131,655.0,2,2,0.0008151171496137977,0.9801366329193115,0.019048335030674934,0.9801366329193115,2
MMdata_1136.50s_0327_183428_2ml,132,660.0,2,2,0.0008091437630355358,0.9967114925384521,0.002479310380294919,0.9967114925384521,2
MMdata_1136.50s_0327_183428_2ml,133,665.0,2,2,0.0006221186486072838,0.994716227054596,0.004661696497350931,0.994716227054596,2
MMdata_1136.50s_0327_183428_2ml,134,670.0,2,2,0.0005754054873250425,0.9942196607589722,0.005204977933317423,0.9942196607589722,2
MMdata_1136.50s_0327_183428_2ml,135,675.0,2,2,0.0007691322825849056,0.9890327453613281,0.010198179632425308,0.9890327453613281,2
MMdata_1136.50s_0327_183428_2ml,136,680.0,2,2,0.0007576524512842298,0.9959188103675842,0.0033234700094908476,0.9959188103675842,2
MMdata_1136.50s_0327_183428_2ml,137,685.0,2,2,0.0006355536752380431,0.9937068819999695,0.0056575932539999485,0.9937068819999695,2
MMdata_1136.50s_0327_183428_2ml,138,690.0,2,2,0.0005857035866938531,0.9953833222389221,0.004030948504805565,0.9953833222389221,2
MMdata_1136.50s_0327_183428_2ml,139,695.0,2,2,0.0009077031863853335,0.9827532768249512,0.016339024528861046,0.9827532768249512,2
MMdata_1136.50s_0327_183428_2ml,140,700.0,2,2,0.0014507855521515012,0.9958807229995728,0.0026685164775699377,0.9958807229995728,2
MMdata_1136.50s_0327_183428_2ml,141,705.0,2,2,0.000632649811450392,0.9945393204689026,0.004828102886676788,0.9945393204689026,2
MMdata_1136.50s_0327_183428_2ml,142,710.0,2,2,0.0005900230607949197,0.9946627616882324,0.004747176077216864,0.9946627616882324,2
MMdata_1136.50s_0327_183428_2ml,143,715.0,2,2,0.0011004145490005612,0.9310227632522583,0.06787680089473724,0.9310227632522583,2
MMdata_1136.50s_0327_183428_2ml,144,720.0,2,2,0.0010308503406122327,0.996711015701294,0.0022581396624445915,0.996711015701294,2
MMdata_1136.50s_0327_183428_2ml,145,725.0,2,2,0.0006516363355331123,0.9953966736793518,0.003951573744416237,0.9953966736793518,2
MMdata_1136.50s_0327_183428_2ml,146,730.0,2,2,0.0005787226837128401,0.9952353835105896,0.004185843747109175,0.9952353835105896,2
MMdata_1136.50s_0327_183428_2ml,147,735.0,2,2,0.00084987300215289,0.9750568270683289,0.02409321814775467,0.9750568270683289,2
MMdata_1136.50s_0327_183428_2ml,148,740.0,2,2,0.00332036055624485,0.9937499165534973,0.002929706359282136,0.9937499165534973,2
MMdata_1136.50s_0327_183428_2ml,149,745.0,2,2,0.0007125171250663698,0.9912063479423523,0.008081118576228619,0.9912063479423523,2
MMdata_1136.50s_0327_183428_2ml,150,750.0,2,2,0.0005846762796863914,0.9938657879829407,0.005549457389861345,0.9938657879829407,2
MMdata_1136.50s_0327_183428_2ml,151,755.0,2,2,0.0007666378514841199,0.9909746050834656,0.00825871154665947,0.9909746050834656,2
MMdata_1136.50s_0327_183428_2ml,152,760.0,2,2,0.0010388137307018042,0.9909959435462952,0.007965316995978355,0.9909959435462952,2
MMdata_1136.50s_0327_183428_2ml,153,765.0,2,2,0.0006193103035911918,0.9953433275222778,0.004037495702505112,0.9953433275222778,2
MMdata_1136.50s_0327_183428_2ml,154,770.0,2,2,0.0005674681742675602,0.9954662322998047,0.003966288175433874,0.9954662322998047,2
MMdata_1136.50s_0327_183428_2ml,155,775.0,2,2,0.0007819269667379558,0.9805326461791992,0.018685294315218925,0.9805326461791992,2
MMdata_1136.50s_0327_183428_2ml,156,780.0,2,2,0.0016291572246700525,0.9960838556289673,0.0022869377862662077,0.9960838556289673,2
MMdata_1136.50s_0327_183428_2ml,157,785.0,2,2,0.0006322088302113116,0.9962194561958313,0.0031484232749789953,0.9962194561958313,2
MMdata_1136.50s_0327_183428_2ml,158,790.0,2,2,0.0005784804234281182,0.994316041469574,0.005105532240122557,0.994316041469574,2
MMdata_1136.50s_0327_183428_2ml,159,795.0,2,2,0.0008122017607092857,0.990911066532135,0.008276726119220257,0.990911066532135,2
MMdata_1136.50s_0327_183428_2ml,160,800.0,2,2,0.0018460775027051568,0.9954645037651062,0.0026893680915236473,0.9954645037651062,2
MMdata_1136.50s_0327_183428_2ml,161,805.0,2,2,0.0006260692025534809,0.9957887530326843,0.0035852324217557907,0.9957887530326843,2
MMdata_1136.50s_0327_183428_2ml,162,810.0,2,2,0.0006066347123123705,0.9959583878517151,0.0034350550267845392,0.9959583878517151,2
MMdata_1136.50s_0327_183428_2ml,163,815.0,2,2,0.000792953185737133,0.9784790873527527,0.02072795294225216,0.9784790873527527,2
MMdata_1136.50s_0327_183428_2ml,164,820.0,2,2,0.006021507084369659,0.9912017583847046,0.002776808338239789,0.9912017583847046,2
MMdata_1136.50s_0327_183428_2ml,165,825.0,2,2,0.0006255669286474586,0.9948533177375793,0.004521135240793228,0.9948533177375793,2
MMdata_1136.50s_0327_183428_2ml,166,830.0,2,2,0.0005983115406706929,0.9960454106330872,0.0033562476746737957,0.9960454106330872,2
MMdata_1136.50s_0327_183428_2ml,167,835.0,2,2,0.0008153549861162901,0.9755651950836182,0.023619437590241432,0.9755651950836182,2
MMdata_1136.50s_0327_183428_2ml,168,840.0,2,2,0.0008050004835240543,0.9959118366241455,0.003283123951405287,0.9959118366241455,2
MMdata_1136.50s_0327_183428_2ml,169,845.0,2,2,0.0006483746692538261,0.9906849265098572,0.008666697889566422,0.9906849265098572,2
MMdata_1136.50s_0327_183428_2ml,170,850.0,2,2,0.0005835685878992081,0.9946211576461792,0.0047952234745025635,0.9946211576461792,2
MMdata_1136.50s_0327_183428_2ml,171,855.0,2,2,0.0007280922145582736,0.988710343837738,0.010561581701040268,0.988710343837738,2
MMdata_1136.50s_0327_183428_2ml,172,860.0,2,2,0.0021314281038939953,0.9952303767204285,0.002638255013152957,0.9952303767204285,2
MMdata_1136.50s_0327_183428_2ml,173,865.0,2,2,0.0006518510053865612,0.9940503239631653,0.005297807976603508,0.9940503239631653,2
MMdata_1136.50s_0327_183428_2ml,174,870.0,2,2,0.0005926903686486185,0.9943997263908386,0.005007614381611347,0.9943997263908386,2
MMdata_1136.50s_0327_183428_2ml,175,875.0,2,2,0.0006783296121284366,0.9928083419799805,0.00651336507871747,0.9928083419799805,2
MMdata_1136.50s_0327_183428_2ml,176,880.0,2,2,0.001268261345103383,0.9964732527732849,0.002258465625345707,0.9964732527732849,2
MMdata_1136.50s_0327_183428_2ml,177,885.0,2,2,0.0006453613168559968,0.9937066435813904,0.0056479694321751595,0.9937066435813904,2
MMdata_1136.50s_0327_183428_2ml,178,890.0,2,2,0.0005847816355526447,0.9956749081611633,0.003740220796316862,0.9956749081611633,2
MMdata_1136.50s_0327_183428_2ml,179,895.0,2,2,0.000715110800229013,0.985776960849762,0.013508003205060959,0.985776960849762,2
MMdata_1136.50s_0327_183428_2ml,180,900.0,2,2,0.001516376854851842,0.9960935711860657,0.0023900498636066914,0.9960935711860657,2
MMdata_1136.50s_0327_183428_2ml,181,905.0,2,2,0.0006270668818615377,0.9935013651847839,0.005871516186743975,0.9935013651847839,2
MMdata_1136.50s_0327_183428_2ml,182,910.0,2,2,0.0006119451718404889,0.9933812618255615,0.0060067735612392426,0.9933812618255615,2
MMdata_1136.50s_0327_183428_2ml,183,915.0,2,2,0.0006807470927014947,0.9908936023712158,0.008425619453191757,0.9908936023712158,2
MMdata_1136.50s_0327_183428_2ml,184,920.0,2,2,0.0007372073014266789,0.9959192872047424,0.003343598684296012,0.9959192872047424,2
MMdata_1136.50s_0327_183428_2ml,185,925.0,2,2,0.0006282520480453968,0.994155764579773,0.005215965211391449,0.994155764579773,2
MMdata_1136.50s_0327_183428_2ml,186,930.0,2,2,0.000590896001085639,0.9943813681602478,0.005027751438319683,0.9943813681602478,2
MMdata_1136.50s_0327_183428_2ml,187,935.0,2,2,0.0006635941099375486,0.9938030242919922,0.005533354356884956,0.9938030242919922,2
MMdata_1136.50s_0327_183428_2ml,188,940.0,2,2,0.0007318173884414136,0.9937200546264648,0.0055480883456766605,0.9937200546264648,2
MMdata_1136.50s_0327_183428_2ml,189,945.0,2,2,0.0006114035495556891,0.993933379650116,0.005455186124891043,0.993933379650116,2
MMdata_1136.50s_0327_183428_2ml,190,950.0,2,2,0.0005876928335055709,0.9951614737510681,0.004250822588801384,0.9951614737510681,2
MMdata_1136.50s_0327_183428_2ml,191,955.0,2,2,0.0006915105623193085,0.990183413028717,0.00912508089095354,0.990183413028717,2
MMdata_1136.50s_0327_183428_2ml,192,960.0,2,2,0.0006913559045642614,0.9966616630554199,0.0026469959411770105,0.9966616630554199,2
MMdata_1136.50s_0327_183428_2ml,193,965.0,2,2,0.0006355153163895011,0.9912765026092529,0.008087954483926296,0.9912765026092529,2
MMdata_1136.50s_0327_183428_2ml,194,970.0,2,2,0.0005969397607259452,0.9929982423782349,0.006404742132872343,0.9929982423782349,2
MMdata_1136.50s_0327_183428_2ml,195,975.0,2,2,0.0007006261148490012,0.989863932132721,0.009435444138944149,0.989863932132721,2
MMdata_1136.50s_0327_183428_2ml,196,980.0,2,2,0.000900913611985743,0.9964680671691895,0.002631046809256077,0.9964680671691895,2
MMdata_1136.50s_0327_183428_2ml,197,985.0,2,2,0.0006642565131187439,0.989669144153595,0.009666669182479382,0.989669144153595,2
MMdata_1136.50s_0327_183428_2ml,198,990.0,2,2,0.0006044197943992913,0.9939292669296265,0.00546638946980238,0.9939292669296265,2
MMdata_1136.50s_0327_183428_2ml,199,995.0,2,2,0.0007253889343701303,0.992111086845398,0.00716349808499217,0.992111086845398,2
MMdata_1136.50s_0327_183428_2ml,200,1000.0,2,2,0.0009122552582994103,0.9906731247901917,0.008414531126618385,0.9906731247901917,2
MMdata_1136.50s_0327_183428_2ml,201,1005.0,2,2,0.0006949109956622124,0.9867239594459534,0.01258107740432024,0.9867239594459534,2
MMdata_1136.50s_0327_183428_2ml,202,1010.0,2,2,0.0006384431035257876,0.9913504123687744,0.008011212572455406,0.9913504123687744,2
MMdata_1136.50s_0327_183428_2ml,203,1015.0,2,2,0.0006815835367888212,0.9914755821228027,0.007842820137739182,0.9914755821228027,2
MMdata_1136.50s_0327_183428_2ml,204,1020.0,2,2,0.000968619657214731,0.9969587326049805,0.0020726718939840794,0.9969587326049805,2
MMdata_1136.50s_0327_183428_2ml,205,1025.0,2,2,0.0006085518980398774,0.9939549565315247,0.0054364390671253204,0.9939549565315247,2
MMdata_1136.50s_0327_183428_2ml,206,1030.0,2,2,0.0005889481981284916,0.9959812164306641,0.0034298752434551716,0.9959812164306641,2
MMdata_1136.50s_0327_183428_2ml,207,1035.0,2,2,0.0006493883556686342,0.9933708906173706,0.005979727488011122,0.9933708906173706,2
MMdata_1136.50s_0327_183428_2ml,208,1040.0,2,2,0.001393382204696536,0.974284827709198,0.024321774020791054,0.974284827709198,2
MMdata_1136.50s_0327_183428_2ml,209,1045.0,2,2,0.0006046784110367298,0.9954370856285095,0.00395818380638957,0.9954370856285095,2
MMdata_1136.50s_0327_183428_2ml,210,1050.0,2,2,0.0006235250039026141,0.9945977926254272,0.004778669681400061,0.9945977926254272,2
MMdata_1136.50s_0327_183428_2ml,211,1055.0,2,2,0.0006397675024345517,0.9918117523193359,0.007548526395112276,0.9918117523193359,2
MMdata_1136.50s_0327_183428_2ml,212,1060.0,2,2,0.0008715310250408947,0.9968720078468323,0.0022564504761248827,0.9968720078468323,2
MMdata_1136.50s_0327_183428_2ml,213,1065.0,2,2,0.0006943845073692501,0.9866395592689514,0.012665977701544762,0.9866395592689514,2
MMdata_1136.50s_0327_183428_2ml,214,1070.0,2,2,0.0005884743295609951,0.9959119558334351,0.0034996054600924253,0.9959119558334351,2
MMdata_1136.50s_0327_183428_2ml,215,1075.0,2,2,0.0006472993991337717,0.9961254000663757,0.003227352164685726,0.9961254000663757,2
MMdata_1136.50s_0327_183428_2ml,216,1080.0,2,2,0.0008664489141665399,0.9953246116638184,0.003809013869613409,0.9953246116638184,2
MMdata_1136.50s_0327_183428_2ml,217,1085.0,2,2,0.0006573995924554765,0.9896758198738098,0.009666789323091507,0.9896758198738098,2
MMdata_1136.50s_0327_183428_2ml,218,1090.0,2,2,0.000608906673733145,0.9957483410835266,0.003642731811851263,0.9957483410835266,2
MMdata_1136.50s_0327_183428_2ml,219,1095.0,2,2,0.0007050367421470582,0.995455265045166,0.0038397584576159716,0.995455265045166,2
MMdata_1136.50s_0327_183428_2ml,220,1100.0,2,2,0.0009838043479248881,0.9956666231155396,0.003349462989717722,0.9956666231155396,2
MMdata_1136.50s_0327_183428_2ml,221,1105.0,2,2,0.0006440008874051273,0.9912251830101013,0.008130867034196854,0.9912251830101013,2
MMdata_1136.50s_0327_183428_2ml,222,1110.0,2,2,0.0005854453193023801,0.9960053563117981,0.0034091619309037924,0.9960053563117981,2
MMdata_1136.50s_0327_183428_2ml,223,1115.0,2,2,0.0006333100027404726,0.9941008687019348,0.005265761166810989,0.9941008687019348,2
MMdata_1136.50s_0327_183428_2ml,224,1120.0,2,2,0.0008278275490738451,0.9968218803405762,0.002350380178540945,0.9968218803405762,2
MMdata_1136.50s_0327_183428_2ml,225,1125.0,2,2,0.0006631051073782146,0.9883395433425903,0.01099735964089632,0.9883395433425903,2
MMdata_1136.50s_0327_183428_2ml,226,1130.0,2,2,0.0005840728408657014,0.9954929351806641,0.003922994714230299,0.9954929351806641,2
MMdata_235.00s_0320_224031_no_secretion,0,0.0,0,0,0.9977524876594543,0.0018111185636371374,0.0004363888001535088,0.9977524876594543,0
MMdata_235.00s_0320_224031_no_secretion,1,5.0,0,0,0.9970853924751282,0.0024117629509419203,0.0005029437015764415,0.9970853924751282,0
MMdata_235.00s_0320_224031_no_secretion,2,10.0,0,0,0.9965967535972595,0.0028866990469396114,0.0005166127812117338,0.9965967535972595,0
MMdata_235.00s_0320_224031_no_secretion,3,15.0,0,0,0.9974867105484009,0.0020001016091555357,0.0005131979705765843,0.9974867105484009,0
MMdata_235.00s_0320_224031_no_secretion,4,20.0,0,0,0.9976435303688049,0.0018908868078142405,0.00046559592010453343,0.9976435303688049,0
MMdata_235.00s_0320_224031_no_secretion,5,25.0,0,0,0.9967806339263916,0.0026578493416309357,0.0005614815163426101,0.9967806339263916,0
MMdata_235.00s_0320_224031_no_secretion,6,30.0,0,0,0.9974281191825867,0.0021097806748002768,0.00046208081766963005,0.9974281191825867,0
MMdata_235.00s_0320_224031_no_secretion,7,35.0,0,0,0.9970876574516296,0.002389935776591301,0.0005224337219260633,0.9970876574516296,0
MMdata_235.00s_0320_224031_no_secretion,8,40.0,0,0,0.9972591400146484,0.002257751999422908,0.0004830931720789522,0.9972591400146484,0
MMdata_235.00s_0320_224031_no_secretion,9,45.0,0,0,0.996912956237793,0.0025429874658584595,0.0005440860404632986,0.996912956237793,0
MMdata_235.00s_0320_224031_no_secretion,10,50.0,0,0,0.997132420539856,0.0023893846664577723,0.0004781857714988291,0.997132420539856,0
MMdata_235.00s_0320_224031_no_secretion,11,55.0,0,0,0.9975080490112305,0.001975189195945859,0.0005167620838619769,0.9975080490112305,0
MMdata_235.00s_0320_224031_no_secretion,12,60.0,0,0,0.9977486729621887,0.0017872030148282647,0.0004640685219783336,0.9977486729621887,0
MMdata_235.00s_0320_224031_no_secretion,13,65.0,0,0,0.9969000816345215,0.002553552621975541,0.000546374125406146,0.9969000816345215,0
MMdata_235.00s_0320_224031_no_secretion,14,70.0,0,0,0.9963456988334656,0.0031083584763109684,0.0005460312240757048,0.9963456988334656,0
MMdata_235.00s_0320_224031_no_secretion,15,75.0,0,0,0.9972358345985413,0.0022445048671215773,0.0005197997088544071,0.9972358345985413,0
MMdata_235.00s_0320_224031_no_secretion,16,80.0,0,0,0.997611403465271,0.001925125950947404,0.0004634494544006884,0.997611403465271,0
MMdata_235.00s_0320_224031_no_secretion,17,85.0,0,0,0.9971151351928711,0.0023493145126849413,0.0005356012843549252,0.9971151351928711,0
MMdata_235.00s_0320_224031_no_secretion,18,90.0,0,0,0.9974740147590637,0.002075013006106019,0.0004508592828642577,0.9974740147590637,0
MMdata_235.00s_0320_224031_no_secretion,19,95.0,0,0,0.9972743391990662,0.0022142690140753984,0.0005114848027005792,0.9972743391990662,0
MMdata_235.00s_0320_224031_no_secretion,20,100.0,0,0,0.9974926710128784,0.0020466328132897615,0.0004606059519574046,0.9974926710128784,0
MMdata_235.00s_0320_224031_no_secretion,21,105.0,0,0,0.9972008466720581,0.002254599006846547,0.0005445385468192399,0.9972008466720581,0
MMdata_235.00s_0320_224031_no_secretion,22,110.0,0,0,0.9975507855415344,0.0020088725723326206,0.0004403919156175107,0.9975507855415344,0
MMdata_235.00s_0320_224031_no_secretion,23,115.0,0,0,0.9972986578941345,0.0021817421074956656,0.0005196998827159405,0.9972986578941345,0
MMdata_235.00s_0320_224031_no_secretion,24,120.0,0,0,0.9972975850105286,0.002219639951363206,0.0004827881930395961,0.9972975850105286,0
MMdata_235.00s_0320_224031_no_secretion,25,125.0,0,0,0.9969481825828552,0.002485387260094285,0.0005663667107000947,0.9969481825828552,0
MMdata_235.00s_0320_224031_no_secretion,26,130.0,0,0,0.9973199963569641,0.0022265505976974964,0.00045340764336287975,0.9973199963569641,0
MMdata_235.00s_0320_224031_no_secretion,27,135.0,0,0,0.9975741505622864,0.0019224369898438454,0.0005033368361182511,0.9975741505622864,0
MMdata_235.00s_0320_224031_no_secretion,28,140.0,0,0,0.9973791837692261,0.002160623436793685,0.00046025411575101316,0.9973791837692261,0
MMdata_235.00s_0320_224031_no_secretion,29,145.0,0,0,0.9969576597213745,0.002496854867786169,0.0005454737693071365,0.9969576597213745,0
MMdata_235.00s_0320_224031_no_secretion,30,150.0,0,0,0.997416615486145,0.002138059586286545,0.00044529445585794747,0.997416615486145,0
MMdata_235.00s_0320_224031_no_secretion,31,155.0,0,0,0.9974974989891052,0.001976576866582036,0.0005258881137706339,0.9974974989891052,0
MMdata_235.00s_0320_224031_no_secretion,32,160.0,0,0,0.9977703094482422,0.0017818661872297525,0.00044776464346796274,0.9977703094482422,0
MMdata_235.00s_0320_224031_no_secretion,33,165.0,0,0,0.9975556135177612,0.0019090890418738127,0.0005352232255972922,0.9975556135177612,0
MMdata_235.00s_0320_224031_no_secretion,34,170.0,0,0,0.9977794289588928,0.0017997792456299067,0.0004207744204904884,0.9977794289588928,0
MMdata_235.00s_0320_224031_no_secretion,35,175.0,0,0,0.9962385892868042,0.0031058688182383776,0.0006555445725098252,0.9962385892868042,0
MMdata_235.00s_0320_224031_no_secretion,36,180.0,0,0,0.9978646636009216,0.0017028572037816048,0.0004325055633671582,0.9978646636009216,0
MMdata_235.00s_0320_224031_no_secretion,37,185.0,0,0,0.997130811214447,0.002301617059856653,0.0005676066502928734,0.997130811214447,0
MMdata_235.00s_0320_224031_no_secretion,38,190.0,0,0,0.9974141120910645,0.002136589726433158,0.0004493783344514668,0.9974141120910645,0
MMdata_235.00s_0320_224031_no_secretion,39,195.0,0,0,0.9970018267631531,0.0024348075967282057,0.0005633605178445578,0.9970018267631531,0
MMdata_235.00s_0320_224031_no_secretion,40,200.0,0,0,0.9975625276565552,0.0019899324979633093,0.0004474347224459052,0.9975625276565552,0
MMdata_235.00s_0320_224031_no_secretion,41,205.0,0,0,0.9967195391654968,0.0026926661375910044,0.0005877381772734225,0.9967195391654968,0
MMdata_235.00s_0320_224031_no_secretion,42,210.0,0,0,0.997605562210083,0.0019621960818767548,0.00043221001396887004,0.997605562210083,0
MMdata_235.00s_0320_224031_no_secretion,43,215.0,0,0,0.9967581629753113,0.0026409646961838007,0.0006008761702105403,0.9967581629753113,0
MMdata_235.00s_0320_224031_no_secretion,44,220.0,0,0,0.9976035952568054,0.001931983046233654,0.0004644481814466417,0.9976035952568054,0
MMdata_235.00s_0320_224031_no_secretion,45,225.0,0,2,0.026173893362283707,0.9673671126365662,0.006458998657763004,0.9673671126365662,2
MMdata_235.00s_0320_224031_no_secretion,46,230.0,0,2,0.47932741045951843,0.5141856074333191,0.006487000733613968,0.5141856074333191,2
MMdata_442.75s_0327_203239_4ml,0,0.0,4,4,5.067539404990384e-06,1.1686031029967126e-05,0.9999831914901733,0.9999831914901733,4
MMdata_442.75s_0327_203239_4ml,1,5.0,4,4,0.00022144986724015325,0.002527739852666855,0.9972508549690247,0.9972508549690247,4
MMdata_442.75s_0327_203239_4ml,2,10.0,4,4,8.193665962608065e-06,3.228916466468945e-05,0.9999594688415527,0.9999594688415527,4
MMdata_442.75s_0327_203239_4ml,3,15.0,4,4,1.1806593647634145e-05,2.4597269657533616e-05,0.999963641166687,0.999963641166687,4
MMdata_442.75s_0327_203239_4ml,4,20.0,4,4,9.548522029945161e-06,1.1550959243322723e-05,0.9999788999557495,0.9999788999557495,4
MMdata_442.75s_0327_203239_4ml,5,25.0,4,4,4.779239316121675e-05,0.0005789744900539517,0.9993732571601868,0.9993732571601868,4
MMdata_442.75s_0327_203239_4ml,6,30.0,4,4,6.714639312122017e-06,1.3193184713600203e-05,0.999980092048645,0.999980092048645,4
MMdata_442.75s_0327_203239_4ml,7,35.0,4,4,1.1498394087539054e-05,2.5407358407392167e-05,0.9999630451202393,0.9999630451202393,4
MMdata_442.75s_0327_203239_4ml,8,40.0,4,4,7.324106263695285e-06,1.4126689166005235e-05,0.9999785423278809,0.9999785423278809,4
MMdata_442.75s_0327_203239_4ml,9,45.0,4,4,5.000035525881685e-05,0.0003941885952372104,0.999555766582489,0.999555766582489,4
MMdata_442.75s_0327_203239_4ml,10,50.0,4,4,6.216403562575579e-06,1.1546954738150816e-05,0.9999822378158569,0.9999822378158569,4
MMdata_442.75s_0327_203239_4ml,11,55.0,4,4,9.4139331849874e-06,1.7525391740491614e-05,0.9999730587005615,0.9999730587005615,4
MMdata_442.75s_0327_203239_4ml,12,60.0,4,4,9.692646926851012e-06,1.0607895092107356e-05,0.9999797344207764,0.9999797344207764,4
MMdata_442.75s_0327_203239_4ml,13,65.0,4,4,7.173809717642143e-05,0.000871522759553045,0.9990567564964294,0.9990567564964294,4
MMdata_442.75s_0327_203239_4ml,14,70.0,4,4,7.482820365112275e-06,2.0606281395885162e-05,0.999971866607666,0.999971866607666,4
MMdata_442.75s_0327_203239_4ml,15,75.0,4,4,1.0140052836504765e-05,4.476690082810819e-05,0.9999450445175171,0.9999450445175171,4
MMdata_442.75s_0327_203239_4ml,16,80.0,4,4,8.946143680077512e-06,1.9019096725969575e-05,0.9999719858169556,0.9999719858169556,4
MMdata_442.75s_0327_203239_4ml,17,85.0,4,4,0.0001403614442097023,0.008142594248056412,0.9917170405387878,0.9917170405387878,4
MMdata_442.75s_0327_203239_4ml,18,90.0,4,4,6.559419034601888e-06,1.0602992006170098e-05,0.9999828338623047,0.9999828338623047,4
MMdata_442.75s_0327_203239_4ml,19,95.0,4,4,2.592645432741847e-05,0.0004405688086990267,0.9995335340499878,0.9995335340499878,4
MMdata_442.75s_0327_203239_4ml,20,100.0,4,4,8.811070074443705e-06,1.0324266440875363e-05,0.9999808073043823,0.9999808073043823,4
MMdata_442.75s_0327_203239_4ml,21,105.0,4,4,1.887236794573255e-05,0.00011679746239678934,0.9998643398284912,0.9998643398284912,4
MMdata_442.75s_0327_203239_4ml,22,110.0,4,4,8.693617019162048e-06,4.164754136581905e-05,0.9999496936798096,0.9999496936798096,4
MMdata_442.75s_0327_203239_4ml,23,115.0,4,4,6.193767148943152e-06,9.869560017250478e-06,0.9999839067459106,0.9999839067459106,4
MMdata_442.75s_0327_203239_4ml,24,120.0,4,4,2.275677070429083e-05,7.806799840182066e-05,0.99989914894104,0.99989914894104,4
MMdata_442.75s_0327_203239_4ml,25,125.0,4,4,2.5183144316542894e-05,0.00011524654837558046,0.9998595714569092,0.9998595714569092,4
MMdata_442.75s_0327_203239_4ml,26,130.0,4,4,7.607779025420314e-06,1.0035968443844467e-05,0.9999823570251465,0.9999823570251465,4
MMdata_442.75s_0327_203239_4ml,27,135.0,4,4,5.2829891501460224e-06,1.41350328703993e-05,0.9999805688858032,0.9999805688858032,4
MMdata_442.75s_0327_203239_4ml,28,140.0,4,4,1.155873997049639e-05,2.088142719003372e-05,0.9999675750732422,0.9999675750732422,4
MMdata_442.75s_0327_203239_4ml,29,145.0,4,4,0.0001058322231983766,0.007408855017274618,0.9924853444099426,0.9924853444099426,4
MMdata_442.75s_0327_203239_4ml,30,150.0,4,4,6.411880804080283e-06,1.3187566764827352e-05,0.9999804496765137,0.9999804496765137,4
MMdata_442.75s_0327_203239_4ml,31,155.0,4,4,3.177174221491441e-05,0.000541929854080081,0.9994263648986816,0.9994263648986816,4
MMdata_442.75s_0327_203239_4ml,32,160.0,4,4,1.3568315807788167e-05,1.888576844066847e-05,0.9999675750732422,0.9999675750732422,4
MMdata_442.75s_0327_203239_4ml,33,165.0,4,4,1.5917279597488232e-05,0.00016732125368434936,0.9998168349266052,0.9998168349266052,4
MMdata_442.75s_0327_203239_4ml,34,170.0,4,4,7.362029919022461e-06,1.0823144293681253e-05,0.9999817609786987,0.9999817609786987,4
MMdata_442.75s_0327_203239_4ml,35,175.0,4,4,5.859595603396883e-06,7.324774742301088e-06,0.9999867677688599,0.9999867677688599,4
MMdata_442.75s_0327_203239_4ml,36,180.0,4,4,0.00013657005911227316,0.0019039579201489687,0.9979594945907593,0.9979594945907593,4
MMdata_442.75s_0327_203239_4ml,37,185.0,4,4,1.3855964425601996e-05,0.0001620457333046943,0.9998241066932678,0.9998241066932678,4
MMdata_442.75s_0327_203239_4ml,38,190.0,4,4,8.342250112036709e-06,9.759507520357147e-06,0.9999818801879883,0.9999818801879883,4
MMdata_442.75s_0327_203239_4ml,39,195.0,4,4,6.688624125672504e-06,8.903187335818075e-06,0.9999843835830688,0.9999843835830688,4
MMdata_442.75s_0327_203239_4ml,40,200.0,4,4,8.894469829101581e-06,1.1764574082917534e-05,0.9999793767929077,0.9999793767929077,4
MMdata_442.75s_0327_203239_4ml,41,205.0,4,4,8.012450962269213e-06,3.734632991836406e-05,0.9999545812606812,0.9999545812606812,4
MMdata_442.75s_0327_203239_4ml,42,210.0,4,4,6.815939286752837e-06,1.1041016477975063e-05,0.9999821186065674,0.9999821186065674,4
MMdata_442.75s_0327_203239_4ml,43,215.0,4,4,7.434334293066058e-06,2.779798160190694e-05,0.999964714050293,0.999964714050293,4
MMdata_442.75s_0327_203239_4ml,44,220.0,4,4,7.261288556037471e-05,0.0005187763599678874,0.9994086027145386,0.9994086027145386,4
MMdata_442.75s_0327_203239_4ml,45,225.0,4,4,2.2564863684237935e-05,0.0004588450537994504,0.999518632888794,0.999518632888794,4
MMdata_442.75s_0327_203239_4ml,46,230.0,4,4,1.0806225873238873e-05,1.2513488400145434e-05,0.999976634979248,0.999976634979248,4
MMdata_442.75s_0327_203239_4ml,47,235.0,4,4,5.8478108257986605e-05,0.0006998289609327912,0.9992417097091675,0.9992417097091675,4
MMdata_442.75s_0327_203239_4ml,48,240.0,4,4,1.449272531317547e-05,5.1229886594228446e-05,0.9999343156814575,0.9999343156814575,4
MMdata_442.75s_0327_203239_4ml,49,245.0,4,4,6.175768248795066e-06,1.5147202248044778e-05,0.9999786615371704,0.9999786615371704,4
MMdata_442.75s_0327_203239_4ml,50,250.0,4,4,7.52943333282019e-06,1.806954423955176e-05,0.9999743700027466,0.9999743700027466,4
MMdata_442.75s_0327_203239_4ml,51,255.0,4,4,0.0005336513859219849,0.113746277987957,0.8857200741767883,0.8857200741767883,4
MMdata_442.75s_0327_203239_4ml,52,260.0,4,4,1.5666983017581515e-05,7.092712621670216e-05,0.9999134540557861,0.9999134540557861,4
MMdata_442.75s_0327_203239_4ml,53,265.0,4,4,9.849633897829335e-06,1.3194377061154228e-05,0.9999769926071167,0.9999769926071167,4
MMdata_442.75s_0327_203239_4ml,54,270.0,4,4,1.019091814669082e-05,1.163912565971259e-05,0.9999781847000122,0.9999781847000122,4
MMdata_442.75s_0327_203239_4ml,55,275.0,4,4,1.1552842806850094e-05,6.48392378934659e-05,0.999923586845398,0.999923586845398,4
MMdata_442.75s_0327_203239_4ml,56,280.0,4,4,1.1298926438030321e-05,1.4029699741513468e-05,0.9999747276306152,0.9999747276306152,4
MMdata_442.75s_0327_203239_4ml,57,285.0,4,4,7.140867182897637e-06,1.4039928828424308e-05,0.99997878074646,0.99997878074646,4
MMdata_442.75s_0327_203239_4ml,58,290.0,4,4,1.1939793694182299e-05,1.6143203538376838e-05,0.999971866607666,0.999971866607666,4
MMdata_442.75s_0327_203239_4ml,59,295.0,4,4,0.00012013878586003557,0.0073608774691820145,0.9925190210342407,0.9925190210342407,4
MMdata_442.75s_0327_203239_4ml,60,300.0,4,4,9.659399438533e-06,1.6365962437703274e-05,0.9999740123748779,0.9999740123748779,4
MMdata_442.75s_0327_203239_4ml,61,305.0,4,4,6.0623556237260345e-06,1.8361857655690983e-05,0.9999755620956421,0.9999755620956421,4
MMdata_442.75s_0327_203239_4ml,62,310.0,4,4,7.637610906385817e-06,1.6109241187223233e-05,0.9999762773513794,0.9999762773513794,4
MMdata_442.75s_0327_203239_4ml,63,315.0,4,4,4.424749204190448e-05,0.0006696203490719199,0.9992861151695251,0.9992861151695251,4
MMdata_442.75s_0327_203239_4ml,64,320.0,4,4,9.793584467843175e-06,2.1778074369649403e-05,0.999968409538269,0.999968409538269,4
MMdata_442.75s_0327_203239_4ml,65,325.0,4,4,1.142508062912384e-05,1.3253349607111886e-05,0.999975323677063,0.999975323677063,4
MMdata_442.75s_0327_203239_4ml,66,330.0,4,4,1.1568064110178966e-05,1.2722456631308887e-05,0.9999756813049316,0.9999756813049316,4
MMdata_442.75s_0327_203239_4ml,67,335.0,4,4,5.995485480525531e-06,1.3174560990591999e-05,0.9999808073043823,0.9999808073043823,4
MMdata_442.75s_0327_203239_4ml,68,340.0,4,4,1.318327213084558e-05,4.111822636332363e-05,0.9999456405639648,0.9999456405639648,4
MMdata_442.75s_0327_203239_4ml,69,345.0,4,4,1.254472772416193e-05,1.3168495570425875e-05,0.999974250793457,0.999974250793457,4
MMdata_442.75s_0327_203239_4ml,70,350.0,4,4,8.729226465220563e-06,1.2762315236614086e-05,0.9999785423278809,0.9999785423278809,4
MMdata_442.75s_0327_203239_4ml,71,355.0,4,4,7.1898966780281626e-06,1.692852492851671e-05,0.9999759197235107,0.9999759197235107,4
MMdata_442.75s_0327_203239_4ml,72,360.0,4,4,9.172452337224968e-06,2.018820305238478e-05,0.9999706745147705,0.9999706745147705,4
MMdata_442.75s_0327_203239_4ml,73,365.0,4,4,1.0735967407526914e-05,1.243996939592762e-05,0.9999768733978271,0.9999768733978271,4
MMdata_442.75s_0327_203239_4ml,74,370.0,4,4,1.6113395759020932e-05,8.446600986644626e-05,0.9998993873596191,0.9998993873596191,4
MMdata_442.75s_0327_203239_4ml,75,375.0,4,4,4.541584348771721e-05,0.0004841931804548949,0.9994704127311707,0.9994704127311707,4
MMdata_442.75s_0327_203239_4ml,76,380.0,4,4,1.0735677278717048e-05,2.513919935154263e-05,0.9999641180038452,0.9999641180038452,4
MMdata_442.75s_0327_203239_4ml,77,385.0,4,4,1.7506032236269675e-05,2.179059993068222e-05,0.9999606609344482,0.9999606609344482,4
MMdata_442.75s_0327_203239_4ml,78,390.0,4,4,1.4022582035977393e-05,6.473003304563463e-05,0.9999212026596069,0.9999212026596069,4
MMdata_442.75s_0327_203239_4ml,79,395.0,4,4,9.962306648958474e-06,1.885326491901651e-05,0.9999711513519287,0.9999711513519287,4
MMdata_442.75s_0327_203239_4ml,80,400.0,4,4,1.4545567864843179e-05,1.752899697748944e-05,0.9999679327011108,0.9999679327011108,4
MMdata_442.75s_0327_203239_4ml,81,405.0,4,4,1.1622424608503934e-05,1.3734611457039136e-05,0.9999746084213257,0.9999746084213257,4
MMdata_442.75s_0327_203239_4ml,82,410.0,4,4,5.774235614808276e-05,0.0009259359794668853,0.999016284942627,0.999016284942627,4
MMdata_442.75s_0327_203239_4ml,83,415.0,4,4,1.401661393174436e-05,0.00011280945909675211,0.999873161315918,0.999873161315918,4
MMdata_442.75s_0327_203239_4ml,84,420.0,4,4,1.010840423987247e-05,2.5646473659435287e-05,0.9999642372131348,0.9999642372131348,4
MMdata_442.75s_0327_203239_4ml,85,425.0,4,4,1.624438118597027e-05,1.8155129509977996e-05,0.9999655485153198,0.9999655485153198,4
MMdata_442.75s_0327_203239_4ml,86,430.0,4,4,1.0628080417518504e-05,5.788974522147328e-05,0.9999314546585083,0.9999314546585083,4
MMdata_442.75s_0327_203239_4ml,87,435.0,4,4,9.292994036513846e-06,4.257896580384113e-05,0.9999481439590454,0.9999481439590454,4
