timestamp,trial_id,phase,status,subset_mask,num_selected,selected_ids,dropped_ids,label_counts,duration_sec,primary_metric_name,primary_metric_mean,primary_metric_std,session_accuracy_mean,session_accuracy_std,session_macro_f1_mean,session_macro_f1_std,window_accuracy_mean,window_macro_f1_mean,score,return_code,error,trial_dir
2026-03-28 20:12:22,trial_000001,backward_elimination,success,1111111111111111111,19,MMdata_1012.15s_0321_003441_yumi_4ml;MMdata_1071.50s_0327_201445_4ml;MMdata_1136.50s_0327_183428_2ml;MMdata_1200.00s_0322_232833_2ml_yumi;MMdata_1200.00s_0327_172321_2ml;MMdata_195.00s_0322_230906_no_secretion;MMdata_1973.40s_0320_224508_no_secretion;MMdata_235.00s_0320_224031_no_secretion;MMdata_265.10s_0322_224132_no_secretion;MMdata_272.75s_0327_174501_2ml;MMdata_318.75s_0327_175326_no;MMdata_442.75s_0327_203239_4ml;MMdata_474.50s_0323_001822_4ml_yumi;MMdata_598.25s_0322_224923_no_secretion;MMdata_600.00s_0327_185444_2ml;MMdata_660.75s_0327_164500_no_secretion;MMdata_820.00s_0327_172321_2ml;MMdata_943.75s_0327_195859_4ml;MMdata_949.50s_0323_000227_4ml_yumi,,"0:7,1:6,2:6",110.9580066204071,session_accuracy,0.746031746031746,0.18374344290143216,0.746031746031746,0.18374344290143216,0.7074074074074074,0.20694392658813324,0.6868723794244493,0.6690445686351847,0.936031746031746,0,,outputs/clean_subset_search_024/trials/trial_000001
2026-03-28 20:14:01,trial_000002,backward_elimination,success,0111111111111111111,18,MMdata_1071.50s_0327_201445_4ml;MMdata_1136.50s_0327_183428_2ml;MMdata_1200.00s_0322_232833_2ml_yumi;MMdata_1200.00s_0327_172321_2ml;MMdata_195.00s_0322_230906_no_secretion;MMdata_1973.40s_0320_224508_no_secretion;MMdata_235.00s_0320_224031_no_secretion;MMdata_265.10s_0322_224132_no_secretion;MMdata_272.75s_0327_174501_2ml;MMdata_318.75s_0327_175326_no;MMdata_442.75s_0327_203239_4ml;MMdata_474.50s_0323_001822_4ml_yumi;MMdata_598.25s_0322_224923_no_secretion;MMdata_600.00s_0327_185444_2ml;MMdata_660.75s_0327_164500_no_secretion;MMdata_820.00s_0327_172321_2ml;MMdata_943.75s_0327_195859_4ml;MMdata_949.50s_0323_000227_4ml_yumi,MMdata_1012.15s_0321_003441_yumi_4ml,"0:7,1:6,2:5",96.60665011405945,session_accuracy,0.6666666666666666,0.23570226039551584,0.6666666666666666,0.23570226039551584,0.6455026455026456,0.25473869031133806,0.6060180503563042,0.4606700056589743,0.8466666666666667,0,,outputs/clean_subset_search_024/trials/trial_000002
2026-03-28 20:15:43,trial_000003,backward_elimination,success,1011111111111111111,18,MMdata_1012.15s_0321_003441_yumi_4ml;MMdata_1136.50s_0327_183428_2ml;MMdata_1200.00s_0322_232833_2ml_yumi;MMdata_1200.00s_0327_172321_2ml;MMdata_195.00s_0322_230906_no_secretion;MMdata_1973.40s_0320_224508_no_secretion;MMdata_235.00s_0320_224031_no_secretion;MMdata_265.10s_0322_224132_no_secretion;MMdata_272.75s_0327_174501_2ml;MMdata_318.75s_0327_175326_no;MMdata_442.75s_0327_203239_4ml;MMdata_474.50s_0323_001822_4ml_yumi;MMdata_598.25s_0322_224923_no_secretion;MMdata_600.00s_0327_185444_2ml;MMdata_660.75s_0327_164500_no_secretion;MMdata_820.00s_0327_172321_2ml;MMdata_943.75s_0327_195859_4ml;MMdata_949.50s_0323_000227_4ml_yumi,MMdata_1071.50s_0327_201445_4ml,"0:7,1:6,2:5",99.01742100715637,session_accuracy,0.5,0.2721655269759087,0.5,0.2721655269759087,0.4931216931216932,0.2820736103961585,0.46720339045809944,0.42164373758464907,0.6799999999999999,0,,outputs/clean_subset_search_024/trials/trial_000003
2026-03-28 20:17:32,trial_000004,backward_elimination,success,1101111111111111111,18,MMdata_1012.15s_0321_003441_yumi_4ml;MMdata_1071.50s_0327_201445_4ml;MMdata_1200.00s_0322_232833_2ml_yumi;MMdata_1200.00s_0327_172321_2ml;MMdata_195.00s_0322_230906_no_secretion;MMdata_1973.40s_0320_224508_no_secretion;MMdata_235.00s_0320_224031_no_secretion;MMdata_265.10s_0322_224132_no_secretion;MMdata_272.75s_0327_174501_2ml;MMdata_318.75s_0327_175326_no;MMdata_442.75s_0327_203239_4ml;MMdata_474.50s_0323_001822_4ml_yumi;MMdata_598.25s_0322_224923_no_secretion;MMdata_600.00s_0327_185444_2ml;MMdata_660.75s_0327_164500_no_secretion;MMdata_820.00s_0327_172321_2ml;MMdata_943.75s_0327_195859_4ml;MMdata_949.50s_0323_000227_4ml_yumi,MMdata_1136.50s_0327_183428_2ml,"0:7,1:5,2:6",107.03157114982605,session_accuracy,0.4984126984126984,0.11954393894452525,0.4984126984126984,0.11954393894452525,0.4222222222222222,0.06542045086168777,0.40526399302429833,0.38247318315380546,0.6784126984126984,0,,outputs/clean_subset_search_024/trials/trial_000004
2026-03-28 20:19:35,trial_000005,backward_elimination,success,1110111111111111111,18,MMdata_1012.15s_0321_003441_yumi_4ml;MMdata_1071.50s_0327_201445_4ml;MMdata_1136.50s_0327_183428_2ml;MMdata_1200.00s_0327_172321_2ml;MMdata_195.00s_0322_230906_no_secretion;MMdata_1973.40s_0320_224508_no_secretion;MMdata_235.00s_0320_224031_no_secretion;MMdata_265.10s_0322_224132_no_secretion;MMdata_272.75s_0327_174501_2ml;MMdata_318.75s_0327_175326_no;MMdata_442.75s_0327_203239_4ml;MMdata_474.50s_0323_001822_4ml_yumi;MMdata_598.25s_0322_224923_no_secretion;MMdata_600.00s_0327_185444_2ml;MMdata_660.75s_0327_164500_no_secretion;MMdata_820.00s_0327_172321_2ml;MMdata_943.75s_0327_195859_4ml;MMdata_949.50s_0323_000227_4ml_yumi,MMdata_1200.00s_0322_232833_2ml_yumi,"0:7,1:5,2:6",119.80256962776184,session_accuracy,0.45396825396825397,0.1103374425205255,0.45396825396825397,0.1103374425205255,0.3888888888888889,0.1200137166371826,0.43451528316713967,0.39478389515551615,0.633968253968254,0,,outputs/clean_subset_search_024/trials/trial_000005
2026-03-28 20:21:36,trial_000006,backward_elimination,success,1111011111111111111,18,MMdata_1012.15s_0321_003441_yumi_4ml;MMdata_1071.50s_0327_201445_4ml;MMdata_1136.50s_0327_183428_2ml;MMdata_1200.00s_0322_232833_2ml_yumi;MMdata_195.00s_0322_230906_no_secretion;MMdata_1973.40s_0320_224508_no_secretion;MMdata_235.00s_0320_224031_no_secretion;MMdata_265.10s_0322_224132_no_secretion;MMdata_272.75s_0327_174501_2ml;MMdata_318.75s_0327_175326_no;MMdata_442.75s_0327_203239_4ml;MMdata_474.50s_0323_001822_4ml_yumi;MMdata_598.25s_0322_224923_no_secretion;MMdata_600.00s_0327_185444_2ml;MMdata_660.75s_0327_164500_no_secretion;MMdata_820.00s_0327_172321_2ml;MMdata_943.75s_0327_195859_4ml;MMdata_949.50s_0323_000227_4ml_yumi,MMdata_1200.00s_0327_172321_2ml,"0:7,1:5,2:6",118.3858335018158,session_accuracy,0.4507936507936508,0.1596165725711306,0.4507936507936508,0.1596165725711306,0.4083333333333333,0.15560515082401022,0.3766323828602684,0.2953642583510341,0.6307936507936508,0,,outputs/clean_subset_search_024/trials/trial_000006
2026-03-28 20:23:36,trial_000007,backward_elimination,success,1111101111111111111,18,MMdata_1012.15s_0321_003441_yumi_4ml;MMdata_1071.50s_0327_201445_4ml;MMdata_1136.50s_0327_183428_2ml;MMdata_1200.00s_0322_232833_2ml_yumi;MMdata_1200.00s_0327_172321_2ml;MMdata_1973.40s_0320_224508_no_secretion;MMdata_235.00s_0320_224031_no_secretion;MMdata_265.10s_0322_224132_no_secretion;MMdata_272.75s_0327_174501_2ml;MMdata_318.75s_0327_175326_no;MMdata_442.75s_0327_203239_4ml;MMdata_474.50s_0323_001822_4ml_yumi;MMdata_598.25s_0322_224923_no_secretion;MMdata_600.00s_0327_185444_2ml;MMdata_660.75s_0327_164500_no_secretion;MMdata_820.00s_0327_172321_2ml;MMdata_943.75s_0327_195859_4ml;MMdata_949.50s_0323_000227_4ml_yumi,MMdata_195.00s_0322_230906_no_secretion,"0:6,1:6,2:6",117.3219313621521,session_accuracy,0.5555555555555556,0.28327886186626583,0.5555555555555556,0.28327886186626583,0.45925925925925926,0.24767782958963686,0.5418526236426275,0.4548082651354063,0.7355555555555555,0,,outputs/clean_subset_search_024/trials/trial_000007
2026-03-28 20:25:21,trial_000008,backward_elimination,success,1111110111111111111,18,MMdata_1012.15s_0321_003441_yumi_4ml;MMdata_1071.50s_0327_201445_4ml;MMdata_1136.50s_0327_183428_2ml;MMdata_1200.00s_0322_232833_2ml_yumi;MMdata_1200.00s_0327_172321_2ml;MMdata_195.00s_0322_230906_no_secretion;MMdata_235.00s_0320_224031_no_secretion;MMdata_265.10s_0322_224132_no_secretion;MMdata_272.75s_0327_174501_2ml;MMdata_318.75s_0327_175326_no;MMdata_442.75s_0327_203239_4ml;MMdata_474.50s_0323_001822_4ml_yumi;MMdata_598.25s_0322_224923_no_secretion;MMdata_600.00s_0327_185444_2ml;MMdata_660.75s_0327_164500_no_secretion;MMdata_820.00s_0327_172321_2ml;MMdata_943.75s_0327_195859_4ml;MMdata_949.50s_0323_000227_4ml_yumi,MMdata_1973.40s_0320_224508_no_secretion,"0:6,1:6,2:6",101.9367744922638,session_accuracy,0.888888888888889,0.0785674201318386,0.888888888888889,0.0785674201318386,0.8074074074074075,0.16363497803240387,0.8324239774135254,0.7543602972465004,1.068888888888889,0,,outputs/clean_subset_search_024/trials/trial_000008
2026-03-28 20:27:05,trial_000009,backward_elimination,success,1111111011111111111,18,MMdata_1012.15s_0321_003441_yumi_4ml;MMdata_1071.50s_0327_201445_4ml;MMdata_1136.50s_0327_183428_2ml;MMdata_1200.00s_0322_232833_2ml_yumi;MMdata_1200.00s_0327_172321_2ml;MMdata_195.00s_0322_230906_no_secretion;MMdata_1973.40s_0320_224508_no_secretion;MMdata_265.10s_0322_224132_no_secretion;MMdata_272.75s_0327_174501_2ml;MMdata_318.75s_0327_175326_no;MMdata_442.75s_0327_203239_4ml;MMdata_474.50s_0323_001822_4ml_yumi;MMdata_598.25s_0322_224923_no_secretion;MMdata_600.00s_0327_185444_2ml;MMdata_660.75s_0327_164500_no_secretion;MMdata_820.00s_0327_172321_2ml;MMdata_943.75s_0327_195859_4ml;MMdata_949.50s_0323_000227_4ml_yumi,MMdata_235.00s_0320_224031_no_secretion,"0:6,1:6,2:6",101.33593130111694,session_accuracy,0.6666666666666667,0.23570226039551587,0.6666666666666667,0.23570226039551587,0.6222222222222222,0.15502555212189892,0.5509659739996818,0.4936840506549355,0.8466666666666667,0,,outputs/clean_subset_search_024/trials/trial_000009
2026-03-28 20:29:01,trial_000010,backward_elimination,success,1111111101111111111,18,MMdata_1012.15s_0321_003441_yumi_4ml;MMdata_1071.50s_0327_201445_4ml;MMdata_1136.50s_0327_183428_2ml;MMdata_1200.00s_0322_232833_2ml_yumi;MMdata_1200.00s_0327_172321_2ml;MMdata_195.00s_0322_230906_no_secretion;MMdata_1973.40s_0320_224508_no_secretion;MMdata_235.00s_0320_224031_no_secretion;MMdata_272.75s_0327_174501_2ml;MMdata_318.75s_0327_175326_no;MMdata_442.75s_0327_203239_4ml;MMdata_474.50s_0323_001822_4ml_yumi;MMdata_598.25s_0322_224923_no_secretion;MMdata_600.00s_0327_185444_2ml;MMdata_660.75s_0327_164500_no_secretion;MMdata_820.00s_0327_172321_2ml;MMdata_943.75s_0327_195859_4ml;MMdata_949.50s_0323_000227_4ml_yumi,MMdata_265.10s_0322_224132_no_secretion,"0:6,1:6,2:6",113.77395510673523,session_accuracy,0.9444444444444444,0.0785674201318386,0.9444444444444444,0.0785674201318386,0.8666666666666667,0.18856180831641267,0.844980453969218,0.7599142564884543,1.1244444444444444,0,,outputs/clean_subset_search_024/trials/trial_000010
2026-03-28 20:30:39,trial_000011,backward_elimination,success,1111111110111111111,18,MMdata_1012.15s_0321_003441_yumi_4ml;MMdata_1071.50s_0327_201445_4ml;MMdata_1136.50s_0327_183428_2ml;MMdata_1200.00s_0322_232833_2ml_yumi;MMdata_1200.00s_0327_172321_2ml;MMdata_195.00s_0322_230906_no_secretion;MMdata_1973.40s_0320_224508_no_secretion;MMdata_235.00s_0320_224031_no_secretion;MMdata_265.10s_0322_224132_no_secretion;MMdata_318.75s_0327_175326_no;MMdata_442.75s_0327_203239_4ml;MMdata_474.50s_0323_001822_4ml_yumi;MMdata_598.25s_0322_224923_no_secretion;MMdata_600.00s_0327_185444_2ml;MMdata_660.75s_0327_164500_no_secretion;MMdata_820.00s_0327_172321_2ml;MMdata_943.75s_0327_195859_4ml;MMdata_949.50s_0323_000227_4ml_yumi,MMdata_272.75s_0327_174501_2ml,"0:7,1:5,2:6",95.02042055130005,session_accuracy,0.6047619047619047,0.0875465538611916,0.6047619047619047,0.0875465538611916,0.5264550264550264,0.022757474251435483,0.5341614465324981,0.4950541425812254,0.7847619047619048,0,,outputs/clean_subset_search_024/trials/trial_000011
2026-03-28 20:32:33,trial_000012,backward_elimination,success,1111111111011111111,18,MMdata_1012.15s_0321_003441_yumi_4ml;MMdata_1071.50s_0327_201445_4ml;MMdata_1136.50s_0327_183428_2ml;MMdata_1200.00s_0322_232833_2ml_yumi;MMdata_1200.00s_0327_172321_2ml;MMdata_195.00s_0322_230906_no_secretion;MMdata_1973.40s_0320_224508_no_secretion;MMdata_235.00s_0320_224031_no_secretion;MMdata_265.10s_0322_224132_no_secretion;MMdata_272.75s_0327_174501_2ml;MMdata_442.75s_0327_203239_4ml;MMdata_474.50s_0323_001822_4ml_yumi;MMdata_598.25s_0322_224923_no_secretion;MMdata_600.00s_0327_185444_2ml;MMdata_660.75s_0327_164500_no_secretion;MMdata_820.00s_0327_172321_2ml;MMdata_943.75s_0327_195859_4ml;MMdata_949.50s_0323_000227_4ml_yumi,MMdata_318.75s_0327_175326_no,"0:6,1:6,2:6",111.85070419311523,session_accuracy,0.6666666666666666,0.13608276348795437,0.6666666666666666,0.13608276348795437,0.5796296296296297,0.1996052345432466,0.6567728715323883,0.49305936545605844,0.8466666666666667,0,,outputs/clean_subset_search_024/trials/trial_000012
2026-03-28 20:34:41,trial_000013,backward_elimination,success,1111111111101111111,18,MMdata_1012.15s_0321_003441_yumi_4ml;MMdata_1071.50s_0327_201445_4ml;MMdata_1136.50s_0327_183428_2ml;MMdata_1200.00s_0322_232833_2ml_yumi;MMdata_1200.00s_0327_172321_2ml;MMdata_195.00s_0322_230906_no_secretion;MMdata_1973.40s_0320_224508_no_secretion;MMdata_235.00s_0320_224031_no_secretion;MMdata_265.10s_0322_224132_no_secretion;MMdata_272.75s_0327_174501_2ml;MMdata_318.75s_0327_175326_no;MMdata_474.50s_0323_001822_4ml_yumi;MMdata_598.25s_0322_224923_no_secretion;MMdata_600.00s_0327_185444_2ml;MMdata_660.75s_0327_164500_no_secretion;MMdata_820.00s_0327_172321_2ml;MMdata_943.75s_0327_195859_4ml;MMdata_949.50s_0323_000227_4ml_yumi,MMdata_442.75s_0327_203239_4ml,"0:7,1:6,2:5",124.8393874168396,session_accuracy,0.7222222222222222,0.15713484026367724,0.7222222222222222,0.15713484026367724,0.6962962962962964,0.21029732691227243,0.6904917582271691,0.6840291690519615,0.9022222222222223,0,,outputs/clean_subset_search_024/trials/trial_000013
2026-03-28 20:37:24,trial_000014,backward_elimination,success,1111111111110111111,18,MMdata_1012.15s_0321_003441_yumi_4ml;MMdata_1071.50s_0327_201445_4ml;MMdata_1136.50s_0327_183428_2ml;MMdata_1200.00s_0322_232833_2ml_yumi;MMdata_1200.00s_0327_172321_2ml;MMdata_195.00s_0322_230906_no_secretion;MMdata_1973.40s_0320_224508_no_secretion;MMdata_235.00s_0320_224031_no_secretion;MMdata_265.10s_0322_224132_no_secretion;MMdata_272.75s_0327_174501_2ml;MMdata_318.75s_0327_175326_no;MMdata_442.75s_0327_203239_4ml;MMdata_598.25s_0322_224923_no_secretion;MMdata_600.00s_0327_185444_2ml;MMdata_660.75s_0327_164500_no_secretion;MMdata_820.00s_0327_172321_2ml;MMdata_943.75s_0327_195859_4ml;MMdata_949.50s_0323_000227_4ml_yumi,MMdata_474.50s_0323_001822_4ml_yumi,"0:7,1:6,2:5",160.34167432785034,session_accuracy,0.7777777777777778,0.20786985482077452,0.7777777777777778,0.20786985482077452,0.7518518518518519,0.2623623814581458,0.7436524191189318,0.6747101945344817,0.9577777777777778,0,,outputs/clean_subset_search_024/trials/trial_000014
2026-03-28 20:39:47,trial_000015,backward_elimination,success,1111111111111011111,18,MMdata_1012.15s_0321_003441_yumi_4ml;MMdata_1071.50s_0327_201445_4ml;MMdata_1136.50s_0327_183428_2ml;MMdata_1200.00s_0322_232833_2ml_yumi;MMdata_1200.00s_0327_172321_2ml;MMdata_195.00s_0322_230906_no_secretion;MMdata_1973.40s_0320_224508_no_secretion;MMdata_235.00s_0320_224031_no_secretion;MMdata_265.10s_0322_224132_no_secretion;MMdata_272.75s_0327_174501_2ml;MMdata_318.75s_0327_175326_no;MMdata_442.75s_0327_203239_4ml;MMdata_474.50s_0323_001822_4ml_yumi;MMdata_600.00s_0327_185444_2ml;MMdata_660.75s_0327_164500_no_secretion;MMdata_820.00s_0327_172321_2ml;MMdata_943.75s_0327_195859_4ml;MMdata_949.50s_0323_000227_4ml_yumi,MMdata_598.25s_0322_224923_no_secretion,"0:6,1:6,2:6",140.10478973388672,session_accuracy,0.888888888888889,0.0785674201318386,0.888888888888889,0.0785674201318386,0.8962962962962964,0.07554102983100419,0.8043255284076187,0.7814958751705677,1.068888888888889,0,,outputs/clean_subset_search_024/trials/trial_000015
2026-03-28 20:42:00,trial_000016,backward_elimination,success,1111111111111101111,18,MMdata_1012.15s_0321_003441_yumi_4ml;MMdata_1071.50s_0327_201445_4ml;MMdata_1136.50s_0327_183428_2ml;MMdata_1200.00s_0322_232833_2ml_yumi;MMdata_1200.00s_0327_172321_2ml;MMdata_195.00s_0322_230906_no_secretion;MMdata_1973.40s_0320_224508_no_secretion;MMdata_235.00s_0320_224031_no_secretion;MMdata_265.10s_0322_224132_no_secretion;MMdata_272.75s_0327_174501_2ml;MMdata_318.75s_0327_175326_no;MMdata_442.75s_0327_203239_4ml;MMdata_474.50s_0323_001822_4ml_yumi;MMdata_598.25s_0322_224923_no_secretion;MMdata_660.75s_0327_164500_no_secretion;MMdata_820.00s_0327_172321_2ml;MMdata_943.75s_0327_195859_4ml;MMdata_949.50s_0323_000227_4ml_yumi,MMdata_600.00s_0327_185444_2ml,"0:7,1:5,2:6",130.67616391181946,session_accuracy,0.7222222222222222,0.15713484026367724,0.7222222222222222,0.15713484026367724,0.662962962962963,0.1474985759388139,0.7359650849970655,0.7160744151512201,0.9022222222222223,0,,outputs/clean_subset_search_024/trials/trial_000016
2026-03-28 20:43:55,trial_000017,backward_elimination,success,1111111111111110111,18,MMdata_1012.15s_0321_003441_yumi_4ml;MMdata_1071.50s_0327_201445_4ml;MMdata_1136.50s_0327_183428_2ml;MMdata_1200.00s_0322_232833_2ml_yumi;MMdata_1200.00s_0327_172321_2ml;MMdata_195.00s_0322_230906_no_secretion;MMdata_1973.40s_0320_224508_no_secretion;MMdata_235.00s_0320_224031_no_secretion;MMdata_265.10s_0322_224132_no_secretion;MMdata_272.75s_0327_174501_2ml;MMdata_318.75s_0327_175326_no;MMdata_442.75s_0327_203239_4ml;MMdata_474.50s_0323_001822_4ml_yumi;MMdata_598.25s_0322_224923_no_secretion;MMdata_600.00s_0327_185444_2ml;MMdata_820.00s_0327_172321_2ml;MMdata_943.75s_0327_195859_4ml;MMdata_949.50s_0323_000227_4ml_yumi,MMdata_660.75s_0327_164500_no_secretion,"0:6,1:6,2:6",112.23024034500122,session_accuracy,0.888888888888889,0.0785674201318386,0.888888888888889,0.0785674201318386,0.8962962962962964,0.07554102983100419,0.8561140203799483,0.8377419515106737,1.068888888888889,0,,outputs/clean_subset_search_024/trials/trial_000017
2026-03-28 20:45:49,trial_000018,backward_elimination,success,1111111111111111011,18,MMdata_1012.15s_0321_003441_yumi_4ml;MMdata_1071.50s_0327_201445_4ml;MMdata_1136.50s_0327_183428_2ml;MMdata_1200.00s_0322_232833_2ml_yumi;MMdata_1200.00s_0327_172321_2ml;MMdata_195.00s_0322_230906_no_secretion;MMdata_1973.40s_0320_224508_no_secretion;MMdata_235.00s_0320_224031_no_secretion;MMdata_265.10s_0322_224132_no_secretion;MMdata_272.75s_0327_174501_2ml;MMdata_318.75s_0327_175326_no;MMdata_442.75s_0327_203239_4ml;MMdata_474.50s_0323_001822_4ml_yumi;MMdata_598.25s_0322_224923_no_secretion;MMdata_600.00s_0327_185444_2ml;MMdata_660.75s_0327_164500_no_secretion;MMdata_943.75s_0327_195859_4ml;MMdata_949.50s_0323_000227_4ml_yumi,MMdata_820.00s_0327_172321_2ml,"0:7,1:5,2:6",111.05133748054504,session_accuracy,0.8333333333333334,0.13608276348795437,0.8333333333333334,0.13608276348795437,0.6841269841269841,0.23134342065786753,0.7964330256921925,0.6692560911474874,1.0133333333333334,0,,outputs/clean_subset_search_024/trials/trial_000018
2026-03-28 20:47:39,trial_000019,backward_elimination,success,1111111111111111101,18,MMdata_1012.15s_0321_003441_yumi_4ml;MMdata_1071.50s_0327_201445_4ml;MMdata_1136.50s_0327_183428_2ml;MMdata_1200.00s_0322_232833_2ml_yumi;MMdata_1200.00s_0327_172321_2ml;MMdata_195.00s_0322_230906_no_secretion;MMdata_1973.40s_0320_224508_no_secretion;MMdata_235.00s_0320_224031_no_secretion;MMdata_265.10s_0322_224132_no_secretion;MMdata_272.75s_0327_174501_2ml;MMdata_318.75s_0327_175326_no;MMdata_442.75s_0327_203239_4ml;MMdata_474.50s_0323_001822_4ml_yumi;MMdata_598.25s_0322_224923_no_secretion;MMdata_600.00s_0327_185444_2ml;MMdata_660.75s_0327_164500_no_secretion;MMdata_820.00s_0327_172321_2ml;MMdata_949.50s_0323_000227_4ml_yumi,MMdata_943.75s_0327_195859_4ml,"0:7,1:6,2:5",107.07207751274109,session_accuracy,0.8333333333333334,0.13608276348795437,0.8333333333333334,0.13608276348795437,0.7925925925925926,0.1826493037916734,0.8225789664826418,0.8011183402856897,1.0133333333333334,0,,outputs/clean_subset_search_024/trials/trial_000019
2026-03-28 20:49:25,trial_000020,backward_elimination,success,1111111111111111110,18,MMdata_1012.15s_0321_003441_yumi_4ml;MMdata_1071.50s_0327_201445_4ml;MMdata_1136.50s_0327_183428_2ml;MMdata_1200.00s_0322_232833_2ml_yumi;MMdata_1200.00s_0327_172321_2ml;MMdata_195.00s_0322_230906_no_secretion;MMdata_1973.40s_0320_224508_no_secretion;MMdata_235.00s_0320_224031_no_secretion;MMdata_265.10s_0322_224132_no_secretion;MMdata_272.75s_0327_174501_2ml;MMdata_318.75s_0327_175326_no;MMdata_442.75s_0327_203239_4ml;MMdata_474.50s_0323_001822_4ml_yumi;MMdata_598.25s_0322_224923_no_secretion;MMdata_600.00s_0327_185444_2ml;MMdata_660.75s_0327_164500_no_secretion;MMdata_820.00s_0327_172321_2ml;MMdata_943.75s_0327_195859_4ml,MMdata_949.50s_0323_000227_4ml_yumi,"0:7,1:6,2:5",102.81070709228516,session_accuracy,0.7777777777777778,0.20786985482077452,0.7777777777777778,0.20786985482077452,0.7407407407407408,0.25163389261426705,0.7624645662491021,0.7000442332457003,0.9577777777777778,0,,outputs/clean_subset_search_024/trials/trial_000020
2026-03-28 20:51:29,trial_000021,backward_elimination,success,0111111101111111111,17,MMdata_1071.50s_0327_201445_4ml;MMdata_1136.50s_0327_183428_2ml;MMdata_1200.00s_0322_232833_2ml_yumi;MMdata_1200.00s_0327_172321_2ml;MMdata_195.00s_0322_230906_no_secretion;MMdata_1973.40s_0320_224508_no_secretion;MMdata_235.00s_0320_224031_no_secretion;MMdata_272.75s_0327_174501_2ml;MMdata_318.75s_0327_175326_no;MMdata_442.75s_0327_203239_4ml;MMdata_474.50s_0323_001822_4ml_yumi;MMdata_598.25s_0322_224923_no_secretion;MMdata_600.00s_0327_185444_2ml;MMdata_660.75s_0327_164500_no_secretion;MMdata_820.00s_0327_172321_2ml;MMdata_943.75s_0327_195859_4ml;MMdata_949.50s_0323_000227_4ml_yumi,MMdata_1012.15s_0321_003441_yumi_4ml;MMdata_265.10s_0322_224132_no_secretion,"0:6,1:6,2:5",121.18091821670532,session_accuracy,0.6666666666666666,0.2721655269759087,0.6666666666666666,0.2721655269759087,0.6666666666666666,0.2974514519297965,0.7674505879409557,0.7280015076413968,0.8366666666666667,0,,outputs/clean_subset_search_024/trials/trial_000021
2026-03-28 20:53:28,trial_000022,backward_elimination,success,1011111101111111111,17,MMdata_1012.15s_0321_003441_yumi_4ml;MMdata_1136.50s_0327_183428_2ml;MMdata_1200.00s_0322_232833_2ml_yumi;MMdata_1200.00s_0327_172321_2ml;MMdata_195.00s_0322_230906_no_secretion;MMdata_1973.40s_0320_224508_no_secretion;MMdata_235.00s_0320_224031_no_secretion;MMdata_272.75s_0327_174501_2ml;MMdata_318.75s_0327_175326_no;MMdata_442.75s_0327_203239_4ml;MMdata_474.50s_0323_001822_4ml_yumi;MMdata_598.25s_0322_224923_no_secretion;MMdata_600.00s_0327_185444_2ml;MMdata_660.75s_0327_164500_no_secretion;MMdata_820.00s_0327_172321_2ml;MMdata_943.75s_0327_195859_4ml;MMdata_949.50s_0323_000227_4ml_yumi,MMdata_1071.50s_0327_201445_4ml;MMdata_265.10s_0322_224132_no_secretion,"0:6,1:6,2:5",116.60102725028992,session_accuracy,0.6111111111111112,0.28327886186626583,0.6111111111111112,0.28327886186626583,0.582010582010582,0.3201823337652332,0.6607394882049149,0.5628936208106793,0.7811111111111112,0,,outputs/clean_subset_search_024/trials/trial_000022
2026-03-28 20:55:12,trial_000023,backward_elimination,success,1101111101111111111,17,MMdata_1012.15s_0321_003441_yumi_4ml;MMdata_1071.50s_0327_201445_4ml;MMdata_1200.00s_0322_232833_2ml_yumi;MMdata_1200.00s_0327_172321_2ml;MMdata_195.00s_0322_230906_no_secretion;MMdata_1973.40s_0320_224508_no_secretion;MMdata_235.00s_0320_224031_no_secretion;MMdata_272.75s_0327_174501_2ml;MMdata_318.75s_0327_175326_no;MMdata_442.75s_0327_203239_4ml;MMdata_474.50s_0323_001822_4ml_yumi;MMdata_598.25s_0322_224923_no_secretion;MMdata_600.00s_0327_185444_2ml;MMdata_660.75s_0327_164500_no_secretion;MMdata_820.00s_0327_172321_2ml;MMdata_943.75s_0327_195859_4ml;MMdata_949.50s_0323_000227_4ml_yumi,MMdata_1136.50s_0327_183428_2ml;MMdata_265.10s_0322_224132_no_secretion,"0:6,1:5,2:6",101.68667435646057,session_accuracy,0.7444444444444445,0.2528845928164676,0.7444444444444445,0.2528845928164676,0.762962962962963,0.2217278451421595,0.6899485111136867,0.6265095837258576,0.9144444444444445,0,,outputs/clean_subset_search_024/trials/trial_000023
2026-03-28 20:57:07,trial_000024,backward_elimination,success,1110111101111111111,17,MMdata_1012.15s_0321_003441_yumi_4ml;MMdata_1071.50s_0327_201445_4ml;MMdata_1136.50s_0327_183428_2ml;MMdata_1200.00s_0327_172321_2ml;MMdata_195.00s_0322_230906_no_secretion;MMdata_1973.40s_0320_224508_no_secretion;MMdata_235.00s_0320_224031_no_secretion;MMdata_272.75s_0327_174501_2ml;MMdata_318.75s_0327_175326_no;MMdata_442.75s_0327_203239_4ml;MMdata_474.50s_0323_001822_4ml_yumi;MMdata_598.25s_0322_224923_no_secretion;MMdata_600.00s_0327_185444_2ml;MMdata_660.75s_0327_164500_no_secretion;MMdata_820.00s_0327_172321_2ml;MMdata_943.75s_0327_195859_4ml;MMdata_949.50s_0323_000227_4ml_yumi,MMdata_1200.00s_0322_232833_2ml_yumi;MMdata_265.10s_0322_224132_no_secretion,"0:6,1:5,2:6",111.95468711853027,session_accuracy,0.8333333333333334,0.13608276348795437,0.8333333333333334,0.13608276348795437,0.8481481481481482,0.11487453643904313,0.8274974128716667,0.8012068983643655,1.0033333333333334,0,,outputs/clean_subset_search_024/trials/trial_000024
2026-03-28 20:59:04,trial_000025,backward_elimination,success,1111011101111111111,17,MMdata_1012.15s_0321_003441_yumi_4ml;MMdata_1071.50s_0327_201445_4ml;MMdata_1136.50s_0327_183428_2ml;MMdata_1200.00s_0322_232833_2ml_yumi;MMdata_195.00s_0322_230906_no_secretion;MMdata_1973.40s_0320_224508_no_secretion;MMdata_235.00s_0320_224031_no_secretion;MMdata_272.75s_0327_174501_2ml;MMdata_318.75s_0327_175326_no;MMdata_442.75s_0327_203239_4ml;MMdata_474.50s_0323_001822_4ml_yumi;MMdata_598.25s_0322_224923_no_secretion;MMdata_600.00s_0327_185444_2ml;MMdata_660.75s_0327_164500_no_secretion;MMdata_820.00s_0327_172321_2ml;MMdata_943.75s_0327_195859_4ml;MMdata_949.50s_0323_000227_4ml_yumi,MMdata_1200.00s_0327_172321_2ml;MMdata_265.10s_0322_224132_no_secretion,"0:6,1:5,2:6",113.83693671226501,session_accuracy,0.4666666666666667,0.04714045207910316,0.4666666666666667,0.04714045207910316,0.4671957671957672,0.04471447322496635,0.5207583235423792,0.45655842237442446,0.6366666666666667,0,,outputs/clean_subset_search_024/trials/trial_000025
2026-03-28 21:01:37,trial_000026,backward_elimination,success,1111101101111111111,17,MMdata_1012.15s_0321_003441_yumi_4ml;MMdata_1071.50s_0327_201445_4ml;MMdata_1136.50s_0327_183428_2ml;MMdata_1200.00s_0322_232833_2ml_yumi;MMdata_1200.00s_0327_172321_2ml;MMdata_1973.40s_0320_224508_no_secretion;MMdata_235.00s_0320_224031_no_secretion;MMdata_272.75s_0327_174501_2ml;MMdata_318.75s_0327_175326_no;MMdata_442.75s_0327_203239_4ml;MMdata_474.50s_0323_001822_4ml_yumi;MMdata_598.25s_0322_224923_no_secretion;MMdata_600.00s_0327_185444_2ml;MMdata_660.75s_0327_164500_no_secretion;MMdata_820.00s_0327_172321_2ml;MMdata_943.75s_0327_195859_4ml;MMdata_949.50s_0323_000227_4ml_yumi,MMdata_195.00s_0322_230906_no_secretion;MMdata_265.10s_0322_224132_no_secretion,"0:5,1:6,2:6",149.48994183540344,session_accuracy,0.6555555555555556,0.3552081636254618,0.6555555555555556,0.3552081636254618,0.662962962962963,0.3583608468717596,0.7098296218242663,0.7163336795833646,0.8255555555555556,0,,outputs/clean_subset_search_024/trials/trial_000026
2026-03-28 21:03:38,trial_000027,backward_elimination,success,1111110101111111111,17,MMdata_1012.15s_0321_003441_yumi_4ml;MMdata_1071.50s_0327_201445_4ml;MMdata_1136.50s_0327_183428_2ml;MMdata_1200.00s_0322_232833_2ml_yumi;MMdata_1200.00s_0327_172321_2ml;MMdata_195.00s_0322_230906_no_secretion;MMdata_235.00s_0320_224031_no_secretion;MMdata_272.75s_0327_174501_2ml;MMdata_318.75s_0327_175326_no;MMdata_442.75s_0327_203239_4ml;MMdata_474.50s_0323_001822_4ml_yumi;MMdata_598.25s_0322_224923_no_secretion;MMdata_600.00s_0327_185444_2ml;MMdata_660.75s_0327_164500_no_secretion;MMdata_820.00s_0327_172321_2ml;MMdata_943.75s_0327_195859_4ml;MMdata_949.50s_0323_000227_4ml_yumi,MMdata_1973.40s_0320_224508_no_secretion;MMdata_265.10s_0322_224132_no_secretion,"0:5,1:6,2:6",118.50168228149414,session_accuracy,0.8222222222222222,0.13698697784375505,0.8222222222222222,0.13698697784375505,0.7767195767195767,0.20344448565679069,0.8201409120023141,0.7308133923815983,0.9922222222222222,0,,outputs/clean_subset_search_024/trials/trial_000027
2026-03-28 21:05:28,trial_000028,backward_elimination,success,1111111001111111111,17,MMdata_1012.15s_0321_003441_yumi_4ml;MMdata_1071.50s_0327_201445_4ml;MMdata_1136.50s_0327_183428_2ml;MMdata_1200.00s_0322_232833_2ml_yumi;MMdata_1200.00s_0327_172321_2ml;MMdata_195.00s_0322_230906_no_secretion;MMdata_1973.40s_0320_224508_no_secretion;MMdata_272.75s_0327_174501_2ml;MMdata_318.75s_0327_175326_no;MMdata_442.75s_0327_203239_4ml;MMdata_474.50s_0323_001822_4ml_yumi;MMdata_598.25s_0322_224923_no_secretion;MMdata_600.00s_0327_185444_2ml;MMdata_660.75s_0327_164500_no_secretion;MMdata_820.00s_0327_172321_2ml;MMdata_943.75s_0327_195859_4ml;MMdata_949.50s_0323_000227_4ml_yumi,MMdata_235.00s_0320_224031_no_secretion;MMdata_265.10s_0322_224132_no_secretion,"0:5,1:6,2:6",107.01900696754456,session_accuracy,0.6444444444444444,0.03142696805273544,0.6444444444444444,0.03142696805273544,0.5396825396825397,0.022447834323382435,0.7534187963464803,0.5790972067878182,0.8144444444444444,0,,outputs/clean_subset_search_024/trials/trial_000028
2026-03-28 21:07:49,trial_000029,backward_elimination,success,1111111100111111111,17,MMdata_1012.15s_0321_003441_yumi_4ml;MMdata_1071.50s_0327_201445_4ml;MMdata_1136.50s_0327_183428_2ml;MMdata_1200.00s_0322_232833_2ml_yumi;MMdata_1200.00s_0327_172321_2ml;MMdata_195.00s_0322_230906_no_secretion;MMdata_1973.40s_0320_224508_no_secretion;MMdata_235.00s_0320_224031_no_secretion;MMdata_318.75s_0327_175326_no;MMdata_442.75s_0327_203239_4ml;MMdata_474.50s_0323_001822_4ml_yumi;MMdata_598.25s_0322_224923_no_secretion;MMdata_600.00s_0327_185444_2ml;MMdata_660.75s_0327_164500_no_secretion;MMdata_820.00s_0327_172321_2ml;MMdata_943.75s_0327_195859_4ml;MMdata_949.50s_0323_000227_4ml_yumi,MMdata_265.10s_0322_224132_no_secretion;MMdata_272.75s_0327_174501_2ml,"0:6,1:5,2:6",138.29488897323608,session_accuracy,0.8333333333333334,0.13608276348795437,0.8333333333333334,0.13608276348795437,0.8296296296296296,0.13618352822852028,0.854377609023892,0.8482171175743737,1.0033333333333334,0,,outputs/clean_subset_search_024/trials/trial_000029
2026-03-28 21:09:38,trial_000030,backward_elimination,success,1111111101011111111,17,MMdata_1012.15s_0321_003441_yumi_4ml;MMdata_1071.50s_0327_201445_4ml;MMdata_1136.50s_0327_183428_2ml;MMdata_1200.00s_0322_232833_2ml_yumi;MMdata_1200.00s_0327_172321_2ml;MMdata_195.00s_0322_230906_no_secretion;MMdata_1973.40s_0320_224508_no_secretion;MMdata_235.00s_0320_224031_no_secretion;MMdata_272.75s_0327_174501_2ml;MMdata_442.75s_0327_203239_4ml;MMdata_474.50s_0323_001822_4ml_yumi;MMdata_598.25s_0322_224923_no_secretion;MMdata_600.00s_0327_185444_2ml;MMdata_660.75s_0327_164500_no_secretion;MMdata_820.00s_0327_172321_2ml;MMdata_943.75s_0327_195859_4ml;MMdata_949.50s_0323_000227_4ml_yumi,MMdata_265.10s_0322_224132_no_secretion;MMdata_318.75s_0327_175326_no,"0:5,1:6,2:6",106.40760326385498,session_accuracy,0.8333333333333334,0.13608276348795437,0.8333333333333334,0.13608276348795437,0.8148148148148148,0.1385799032138497,0.7378764418662416,0.7097069260480767,1.0033333333333334,0,,outputs/clean_subset_search_024/trials/trial_000030
2026-03-28 21:11:22,trial_000031,backward_elimination,success,1111111101101111111,17,MMdata_1012.15s_0321_003441_yumi_4ml;MMdata_1071.50s_0327_201445_4ml;MMdata_1136.50s_0327_183428_2ml;MMdata_1200.00s_0322_232833_2ml_yumi;MMdata_1200.00s_0327_172321_2ml;MMdata_195.00s_0322_230906_no_secretion;MMdata_1973.40s_0320_224508_no_secretion;MMdata_235.00s_0320_224031_no_secretion;MMdata_272.75s_0327_174501_2ml;MMdata_318.75s_0327_175326_no;MMdata_474.50s_0323_001822_4ml_yumi;MMdata_598.25s_0322_224923_no_secretion;MMdata_600.00s_0327_185444_2ml;MMdata_660.75s_0327_164500_no_secretion;MMdata_820.00s_0327_172321_2ml;MMdata_943.75s_0327_195859_4ml;MMdata_949.50s_0323_000227_4ml_yumi,MMdata_265.10s_0322_224132_no_secretion;MMdata_442.75s_0327_203239_4ml,"0:6,1:6,2:5",101.08956480026245,session_accuracy,0.7444444444444445,0.2528845928164676,0.7444444444444445,0.2528845928164676,0.762962962962963,0.2217278451421595,0.8308573243803078,0.7674272854842333,0.9144444444444445,0,,outputs/clean_subset_search_024/trials/trial_000031
2026-03-28 21:13:06,trial_000032,backward_elimination,success,1111111101110111111,17,MMdata_1012.15s_0321_003441_yumi_4ml;MMdata_1071.50s_0327_201445_4ml;MMdata_1136.50s_0327_183428_2ml;MMdata_1200.00s_0322_232833_2ml_yumi;MMdata_1200.00s_0327_172321_2ml;MMdata_195.00s_0322_230906_no_secretion;MMdata_1973.40s_0320_224508_no_secretion;MMdata_235.00s_0320_224031_no_secretion;MMdata_272.75s_0327_174501_2ml;MMdata_318.75s_0327_175326_no;MMdata_442.75s_0327_203239_4ml;MMdata_598.25s_0322_224923_no_secretion;MMdata_600.00s_0327_185444_2ml;MMdata_660.75s_0327_164500_no_secretion;MMdata_820.00s_0327_172321_2ml;MMdata_943.75s_0327_195859_4ml;MMdata_949.50s_0323_000227_4ml_yumi,MMdata_265.10s_0322_224132_no_secretion;MMdata_474.50s_0323_001822_4ml_yumi,"0:6,1:6,2:5",100.86543703079224,session_accuracy,0.7111111111111111,0.1498970840359116,0.7111111111111111,0.1498970840359116,0.5637566137566138,0.23685774823833547,0.6648890198720299,0.5333901557308207,0.8811111111111112,0,,outputs/clean_subset_search_024/trials/trial_000032
2026-03-28 21:14:52,trial_000033,backward_elimination,success,1111111101111011111,17,MMdata_1012.15s_0321_003441_yumi_4ml;MMdata_1071.50s_0327_201445_4ml;MMdata_1136.50s_0327_183428_2ml;MMdata_1200.00s_0322_232833_2ml_yumi;MMdata_1200.00s_0327_172321_2ml;MMdata_195.00s_0322_230906_no_secretion;MMdata_1973.40s_0320_224508_no_secretion;MMdata_235.00s_0320_224031_no_secretion;MMdata_272.75s_0327_174501_2ml;MMdata_318.75s_0327_175326_no;MMdata_442.75s_0327_203239_4ml;MMdata_474.50s_0323_001822_4ml_yumi;MMdata_600.00s_0327_185444_2ml;MMdata_660.75s_0327_164500_no_secretion;MMdata_820.00s_0327_172321_2ml;MMdata_943.75s_0327_195859_4ml;MMdata_949.50s_0323_000227_4ml_yumi,MMdata_265.10s_0322_224132_no_secretion;MMdata_598.25s_0322_224923_no_secretion,"0:5,1:6,2:6",104.07430362701416,session_accuracy,0.7111111111111111,0.06285393610547092,0.7111111111111111,0.06285393610547092,0.662962962962963,0.04996569467863719,0.7506757856669659,0.6623159610933501,0.8811111111111112,0,,outputs/clean_subset_search_024/trials/trial_000033
2026-03-28 21:16:44,trial_000034,backward_elimination,success,1111111101111101111,17,MMdata_1012.15s_0321_003441_yumi_4ml;MMdata_1071.50s_0327_201445_4ml;MMdata_1136.50s_0327_183428_2ml;MMdata_1200.00s_0322_232833_2ml_yumi;MMdata_1200.00s_0327_172321_2ml;MMdata_195.00s_0322_230906_no_secretion;MMdata_1973.40s_0320_224508_no_secretion;MMdata_235.00s_0320_224031_no_secretion;MMdata_272.75s_0327_174501_2ml;MMdata_318.75s_0327_175326_no;MMdata_442.75s_0327_203239_4ml;MMdata_474.50s_0323_001822_4ml_yumi;MMdata_598.25s_0322_224923_no_secretion;MMdata_660.75s_0327_164500_no_secretion;MMdata_820.00s_0327_172321_2ml;MMdata_943.75s_0327_195859_4ml;MMdata_949.50s_0323_000227_4ml_yumi,MMdata_265.10s_0322_224132_no_secretion;MMdata_600.00s_0327_185444_2ml,"0:6,1:5,2:6",109.52878713607788,session_accuracy,0.8222222222222223,0.01571348402636772,0.8222222222222223,0.01571348402636772,0.7693121693121694,0.10779116679997329,0.8028318593489961,0.7452134995377995,0.9922222222222223,0,,outputs/clean_subset_search_024/trials/trial_000034
2026-03-28 21:18:51,trial_000035,backward_elimination,success,1111111101111110111,17,MMdata_1012.15s_0321_003441_yumi_4ml;MMdata_1071.50s_0327_201445_4ml;MMdata_1136.50s_0327_183428_2ml;MMdata_1200.00s_0322_232833_2ml_yumi;MMdata_1200.00s_0327_172321_2ml;MMdata_195.00s_0322_230906_no_secretion;MMdata_1973.40s_0320_224508_no_secretion;MMdata_235.00s_0320_224031_no_secretion;MMdata_272.75s_0327_174501_2ml;MMdata_318.75s_0327_175326_no;MMdata_442.75s_0327_203239_4ml;MMdata_474.50s_0323_001822_4ml_yumi;MMdata_598.25s_0322_224923_no_secretion;MMdata_600.00s_0327_185444_2ml;MMdata_820.00s_0327_172321_2ml;MMdata_943.75s_0327_195859_4ml;MMdata_949.50s_0323_000227_4ml_yumi,MMdata_265.10s_0322_224132_no_secretion;MMdata_660.75s_0327_164500_no_secretion,"0:5,1:6,2:6",124.6297402381897,session_accuracy,0.8777777777777778,0.08748897637790899,0.8777777777777778,0.08748897637790899,0.798941798941799,0.1562415138649037,0.7334695779267159,0.6728571546050571,1.0477777777777777,0,,outputs/clean_subset_search_024/trials/trial_000035
2026-03-28 21:20:52,trial_000036,backward_elimination,success,1111111101111111011,17,MMdata_1012.15s_0321_003441_yumi_4ml;MMdata_1071.50s_0327_201445_4ml;MMdata_1136.50s_0327_183428_2ml;MMdata_1200.00s_0322_232833_2ml_yumi;MMdata_1200.00s_0327_172321_2ml;MMdata_195.00s_0322_230906_no_secretion;MMdata_1973.40s_0320_224508_no_secretion;MMdata_235.00s_0320_224031_no_secretion;MMdata_272.75s_0327_174501_2ml;MMdata_318.75s_0327_175326_no;MMdata_442.75s_0327_203239_4ml;MMdata_474.50s_0323_001822_4ml_yumi;MMdata_598.25s_0322_224923_no_secretion;MMdata_600.00s_0327_185444_2ml;MMdata_660.75s_0327_164500_no_secretion;MMdata_943.75s_0327_195859_4ml;MMdata_949.50s_0323_000227_4ml_yumi,MMdata_265.10s_0322_224132_no_secretion;MMdata_820.00s_0327_172321_2ml,"0:6,1:5,2:6",118.08059167861938,session_accuracy,0.7111111111111111,0.1498970840359116,0.7111111111111111,0.1498970840359116,0.6708994708994709,0.18347509731587283,0.6061401894369409,0.546189867793264,0.8811111111111112,0,,outputs/clean_subset_search_024/trials/trial_000036
2026-03-28 21:22:30,trial_000037,backward_elimination,success,1111111101111111101,17,MMdata_1012.15s_0321_003441_yumi_4ml;MMdata_1071.50s_0327_201445_4ml;MMdata_1136.50s_0327_183428_2ml;MMdata_1200.00s_0322_232833_2ml_yumi;MMdata_1200.00s_0327_172321_2ml;MMdata_195.00s_0322_230906_no_secretion;MMdata_1973.40s_0320_224508_no_secretion;MMdata_235.00s_0320_224031_no_secretion;MMdata_272.75s_0327_174501_2ml;MMdata_318.75s_0327_175326_no;MMdata_442.75s_0327_203239_4ml;MMdata_474.50s_0323_001822_4ml_yumi;MMdata_598.25s_0322_224923_no_secretion;MMdata_600.00s_0327_185444_2ml;MMdata_660.75s_0327_164500_no_secretion;MMdata_820.00s_0327_172321_2ml;MMdata_949.50s_0323_000227_4ml_yumi,MMdata_265.10s_0322_224132_no_secretion;MMdata_943.75s_0327_195859_4ml,"0:6,1:6,2:5",95.62094402313232,session_accuracy,0.6555555555555556,0.12272623352430291,0.6555555555555556,0.12272623352430291,0.46719576719576716,0.08244126543362669,0.6707995885199316,0.5559832488821568,0.8255555555555556,0,,outputs/clean_subset_search_024/trials/trial_000037
2026-03-28 21:24:06,trial_000038,backward_elimination,success,1111111101111111110,17,MMdata_1012.15s_0321_003441_yumi_4ml;MMdata_1071.50s_0327_201445_4ml;MMdata_1136.50s_0327_183428_2ml;MMdata_1200.00s_0322_232833_2ml_yumi;MMdata_1200.00s_0327_172321_2ml;MMdata_195.00s_0322_230906_no_secretion;MMdata_1973.40s_0320_224508_no_secretion;MMdata_235.00s_0320_224031_no_secretion;MMdata_272.75s_0327_174501_2ml;MMdata_318.75s_0327_175326_no;MMdata_442.75s_0327_203239_4ml;MMdata_474.50s_0323_001822_4ml_yumi;MMdata_598.25s_0322_224923_no_secretion;MMdata_600.00s_0327_185444_2ml;MMdata_660.75s_0327_164500_no_secretion;MMdata_820.00s_0327_172321_2ml;MMdata_943.75s_0327_195859_4ml,MMdata_265.10s_0322_224132_no_secretion;MMdata_949.50s_0323_000227_4ml_yumi,"0:6,1:6,2:5",92.64457201957703,session_accuracy,0.5888888888888889,0.2042752923427804,0.5888888888888889,0.2042752923427804,0.46190476190476193,0.11837907518720052,0.5888349207662193,0.4564199935186053,0.758888888888889,0,,outputs/clean_subset_search_024/trials/trial_000038
