session,window_index,start_sec,expected_label,pc_label,prediction_matches,pc_prob_0,pc_prob_2,pc_prob_4,pc_prob_max,pc_prob_argmax
MMdata_1136.50s_0327_183428_2ml,0,0.0,2,2,True,0.0006906616617925465,0.9963229894638062,0.0029863230884075165,0.9963229894638062,2
MMdata_1136.50s_0327_183428_2ml,1,5.0,2,2,True,0.0006587784737348557,0.9952681660652161,0.00407301913946867,0.9952681660652161,2
MMdata_1136.50s_0327_183428_2ml,2,10.0,2,2,True,0.0006016832194291055,0.9919706583023071,0.007427691947668791,0.9919706583023071,2
MMdata_1136.50s_0327_183428_2ml,3,15.0,2,2,True,0.0007131184102036059,0.9959207773208618,0.0033660426270216703,0.9959207773208618,2
MMdata_1136.50s_0327_183428_2ml,4,20.0,2,2,True,0.0006605786620639265,0.9940043091773987,0.005335068330168724,0.9940043091773987,2
MMdata_1136.50s_0327_183428_2ml,5,25.0,2,2,True,0.000658179575111717,0.9945317506790161,0.004809986334294081,0.9945317506790161,2
MMdata_1136.50s_0327_183428_2ml,6,30.0,2,2,True,0.0006198091432452202,0.9904148578643799,0.008965304121375084,0.9904148578643799,2
MMdata_1136.50s_0327_183428_2ml,7,35.0,2,2,True,0.0007385874050669372,0.9968206882476807,0.0024408134631812572,0.9968206882476807,2
MMdata_1136.50s_0327_183428_2ml,8,40.0,2,2,True,0.0006628455594182014,0.9934159517288208,0.005921277683228254,0.9934159517288208,2
MMdata_1136.50s_0327_183428_2ml,9,45.0,2,2,True,0.000671408895868808,0.9963546991348267,0.002973901340737939,0.9963546991348267,2
MMdata_1136.50s_0327_183428_2ml,10,50.0,2,2,True,0.0006296819192357361,0.9897448420524597,0.009625490754842758,0.9897448420524597,2
MMdata_1136.50s_0327_183428_2ml,11,55.0,2,2,True,0.0008301421767100692,0.9961292743682861,0.003040512092411518,0.9961292743682861,2
MMdata_1136.50s_0327_183428_2ml,12,60.0,2,2,True,0.000672333815600723,0.9956821203231812,0.0036455285735428333,0.9956821203231812,2
MMdata_1136.50s_0327_183428_2ml,13,65.0,2,2,True,0.0007174845086410642,0.9968829154968262,0.0023995840456336737,0.9968829154968262,2
MMdata_1136.50s_0327_183428_2ml,14,70.0,2,2,True,0.0006117894663475454,0.993083119392395,0.006305104121565819,0.993083119392395,2
MMdata_1136.50s_0327_183428_2ml,15,75.0,2,2,True,0.0009609229164198041,0.9937806725502014,0.005258457735180855,0.9937806725502014,2
MMdata_1136.50s_0327_183428_2ml,16,80.0,2,2,True,0.0006726411520503461,0.9949002861976624,0.004427145700901747,0.9949002861976624,2
MMdata_1136.50s_0327_183428_2ml,17,85.0,2,2,True,0.0006616607424803078,0.9948940277099609,0.004444368649274111,0.9948940277099609,2
MMdata_1136.50s_0327_183428_2ml,18,90.0,2,2,True,0.0006171184359118342,0.9900258779525757,0.009356973692774773,0.9900258779525757,2
MMdata_1136.50s_0327_183428_2ml,19,95.0,2,2,True,0.000810567697044462,0.9969151020050049,0.0022742648143321276,0.9969151020050049,2
MMdata_1136.50s_0327_183428_2ml,20,100.0,2,2,True,0.0007176861399784684,0.9962257146835327,0.0030566351488232613,0.9962257146835327,2
MMdata_1136.50s_0327_183428_2ml,21,105.0,2,2,True,0.0006357774254865944,0.9958842396736145,0.0034799787681549788,0.9958842396736145,2
MMdata_1136.50s_0327_183428_2ml,22,110.0,2,2,True,0.0006401437567546964,0.9886487126350403,0.010711128823459148,0.9886487126350403,2
MMdata_1136.50s_0327_183428_2ml,23,115.0,2,2,True,0.0007942640804685652,0.9969384670257568,0.0022672973573207855,0.9969384670257568,2
MMdata_1136.50s_0327_183428_2ml,24,120.0,2,2,True,0.0006934304255992174,0.9951674938201904,0.004139121156185865,0.9951674938201904,2
MMdata_1136.50s_0327_183428_2ml,25,125.0,2,2,True,0.0006608355324715376,0.9967005848884583,0.002638517413288355,0.9967005848884583,2
MMdata_1136.50s_0327_183428_2ml,26,130.0,2,2,True,0.0006057670107111335,0.9910599589347839,0.008334322832524776,0.9910599589347839,2
MMdata_1136.50s_0327_183428_2ml,27,135.0,2,2,True,0.000738617149181664,0.9953025579452515,0.003958877641707659,0.9953025579452515,2
MMdata_1136.50s_0327_183428_2ml,28,140.0,2,2,True,0.0006876321276649833,0.9946277737617493,0.004684667102992535,0.9946277737617493,2
MMdata_1136.50s_0327_183428_2ml,29,145.0,2,2,True,0.0007393484702333808,0.9968782663345337,0.002382352016866207,0.9968782663345337,2
MMdata_1136.50s_0327_183428_2ml,30,150.0,2,2,True,0.0005942906136624515,0.9924601912498474,0.006945516914129257,0.9924601912498474,2
MMdata_1136.50s_0327_183428_2ml,31,155.0,2,2,True,0.0009390586637891829,0.9955917000770569,0.0034692557528615,0.9955917000770569,2
MMdata_1136.50s_0327_183428_2ml,32,160.0,2,2,True,0.0006625336245633662,0.9959681034088135,0.003369443118572235,0.9959681034088135,2
MMdata_1136.50s_0327_183428_2ml,33,165.0,2,2,True,0.000762327981647104,0.9871304631233215,0.012107187882065773,0.9871304631233215,2
MMdata_1136.50s_0327_183428_2ml,34,170.0,2,2,True,0.0005861060926690698,0.9929602742195129,0.006453691050410271,0.9929602742195129,2
MMdata_1136.50s_0327_183428_2ml,35,175.0,2,2,True,0.0008010510355234146,0.9959140419960022,0.0032849214039742947,0.9959140419960022,2
MMdata_1136.50s_0327_183428_2ml,36,180.0,2,2,True,0.0007347034988924861,0.9949093461036682,0.004355939570814371,0.9949093461036682,2
MMdata_1136.50s_0327_183428_2ml,37,185.0,2,2,True,0.0006565813673660159,0.9952217936515808,0.004121717065572739,0.9952217936515808,2
MMdata_1136.50s_0327_183428_2ml,38,190.0,2,2,True,0.0005957609391771257,0.9920321702957153,0.007372085936367512,0.9920321702957153,2
MMdata_1136.50s_0327_183428_2ml,39,195.0,2,2,True,0.000983047066256404,0.9951070547103882,0.0039098868146538734,0.9951070547103882,2
MMdata_1136.50s_0327_183428_2ml,40,200.0,2,2,True,0.0006766995065845549,0.9947545528411865,0.004568838980048895,0.9947545528411865,2
MMdata_1136.50s_0327_183428_2ml,41,205.0,2,2,True,0.0008279022295027971,0.9815099239349365,0.017662134021520615,0.9815099239349365,2
MMdata_1136.50s_0327_183428_2ml,42,210.0,2,2,True,0.0005947853205725551,0.9921923279762268,0.007212902419269085,0.9921923279762268,2
MMdata_1136.50s_0327_183428_2ml,43,215.0,2,2,True,0.0008107550675049424,0.9967623949050903,0.002426811261102557,0.9967623949050903,2
MMdata_1136.50s_0327_183428_2ml,44,220.0,2,2,True,0.0006682477542199194,0.996393620967865,0.0029381318017840385,0.996393620967865,2
MMdata_1136.50s_0327_183428_2ml,45,225.0,2,2,True,0.0006519408780150115,0.9956334233283997,0.003714572871103883,0.9956334233283997,2
MMdata_1136.50s_0327_183428_2ml,46,230.0,2,2,True,0.0005806420231238008,0.9934968948364258,0.005922454409301281,0.9934968948364258,2
MMdata_1136.50s_0327_183428_2ml,47,235.0,2,2,True,0.0008485975558869541,0.9961005449295044,0.0030509214848279953,0.9961005449295044,2
MMdata_1136.50s_0327_183428_2ml,48,240.0,2,2,True,0.0006814583903178573,0.9957771301269531,0.0035413813311606646,0.9957771301269531,2
MMdata_1136.50s_0327_183428_2ml,49,245.0,2,2,True,0.0006822785944677889,0.9942476749420166,0.005070067476481199,0.9942476749420166,2
MMdata_1136.50s_0327_183428_2ml,50,250.0,2,2,True,0.0005874168709851801,0.9928820133209229,0.0065305838361382484,0.9928820133209229,2
MMdata_1136.50s_0327_183428_2ml,51,255.0,2,2,True,0.0009314616909250617,0.9962453246116638,0.002823180751875043,0.9962453246116638,2
MMdata_1136.50s_0327_183428_2ml,52,260.0,2,2,True,0.0007142135873436928,0.9966952800750732,0.0025905058719217777,0.9966952800750732,2
MMdata_1136.50s_0327_183428_2ml,53,265.0,2,2,True,0.0006208796985447407,0.9956554174423218,0.003723736619576812,0.9956554174423218,2
MMdata_1136.50s_0327_183428_2ml,54,270.0,2,2,True,0.000586096488405019,0.9931661486625671,0.006247845944017172,0.9931661486625671,2
MMdata_1136.50s_0327_183428_2ml,55,275.0,2,2,True,0.0007971087470650673,0.9949518442153931,0.00425095297396183,0.9949518442153931,2
MMdata_1136.50s_0327_183428_2ml,56,280.0,2,2,True,0.0007460631313733757,0.9966301321983337,0.0026238015852868557,0.9966301321983337,2
MMdata_1136.50s_0327_183428_2ml,57,285.0,2,2,True,0.0006475760601460934,0.9959312081336975,0.0034213007893413305,0.9959312081336975,2
MMdata_1136.50s_0327_183428_2ml,58,290.0,2,2,True,0.0005668593221344054,0.9952274560928345,0.004205626435577869,0.9952274560928345,2
MMdata_1136.50s_0327_183428_2ml,59,295.0,2,2,True,0.0009592109126970172,0.996589183807373,0.002451584441587329,0.996589183807373,2
MMdata_1136.50s_0327_183428_2ml,60,300.0,2,2,True,0.0007338912691920996,0.9968141913414001,0.002451900392770767,0.9968141913414001,2
MMdata_1136.50s_0327_183428_2ml,61,305.0,2,2,True,0.0006503594922833145,0.9933918118476868,0.005957773420959711,0.9933918118476868,2
MMdata_1136.50s_0327_183428_2ml,62,310.0,2,2,True,0.0005674784770235419,0.9945288300514221,0.004903641063719988,0.9945288300514221,2
MMdata_1136.50s_0327_183428_2ml,63,315.0,2,2,True,0.0017917708028107882,0.9961228966712952,0.0020853003952652216,0.9961228966712952,2
MMdata_1136.50s_0327_183428_2ml,64,320.0,2,2,True,0.0006960993050597608,0.9958908557891846,0.0034130506683140993,0.9958908557891846,2
MMdata_1136.50s_0327_183428_2ml,65,325.0,2,2,True,0.000674313516356051,0.9957576394081116,0.0035679589491337538,0.9957576394081116,2
MMdata_1136.50s_0327_183428_2ml,66,330.0,2,2,True,0.0005673411651514471,0.9945811629295349,0.004851497244089842,0.9945811629295349,2
MMdata_1136.50s_0327_183428_2ml,67,335.0,2,2,True,0.0008566852775402367,0.9966211318969727,0.0025221272371709347,0.9966211318969727,2
MMdata_1136.50s_0327_183428_2ml,68,340.0,2,2,True,0.0007796118734404445,0.9963037967681885,0.0029166284948587418,0.9963037967681885,2
MMdata_1136.50s_0327_183428_2ml,69,345.0,2,2,True,0.0007628382882103324,0.9894266128540039,0.009810528717935085,0.9894266128540039,2
MMdata_1136.50s_0327_183428_2ml,70,350.0,2,2,True,0.0005683375056833029,0.9951436519622803,0.004288065247237682,0.9951436519622803,2
MMdata_1136.50s_0327_183428_2ml,71,355.0,2,2,True,0.0008874628692865372,0.9969258904457092,0.0021865798626095057,0.9969258904457092,2
MMdata_1136.50s_0327_183428_2ml,72,360.0,2,2,True,0.000726453261449933,0.9954010248184204,0.003872472560033202,0.9954010248184204,2
MMdata_1136.50s_0327_183428_2ml,73,365.0,2,2,True,0.0006872239173389971,0.9959222078323364,0.0033906593453139067,0.9959222078323364,2
MMdata_1136.50s_0327_183428_2ml,74,370.0,2,2,True,0.0005610017688013613,0.9957669973373413,0.00367206078954041,0.9957669973373413,2
MMdata_1136.50s_0327_183428_2ml,75,375.0,2,2,True,0.0008227445650845766,0.9969310164451599,0.002246228512376547,0.9969310164451599,2
MMdata_1136.50s_0327_183428_2ml,76,380.0,2,2,True,0.000733350170776248,0.9967064261436462,0.002560319844633341,0.9967064261436462,2
MMdata_1136.50s_0327_183428_2ml,77,385.0,2,2,True,0.000666099542286247,0.996354341506958,0.002979582641273737,0.996354341506958,2
MMdata_1136.50s_0327_183428_2ml,78,390.0,2,2,True,0.0005702452035620809,0.9944063425064087,0.005023508798331022,0.9944063425064087,2
MMdata_1136.50s_0327_183428_2ml,79,395.0,2,2,True,0.0008148550987243652,0.9965169429779053,0.002668265951797366,0.9965169429779053,2
MMdata_1136.50s_0327_183428_2ml,80,400.0,2,2,True,0.000886138470377773,0.9958587288856506,0.0032551635522395372,0.9958587288856506,2
MMdata_1136.50s_0327_183428_2ml,81,405.0,2,2,True,0.0006744485581293702,0.9947984218597412,0.004527122247964144,0.9947984218597412,2
MMdata_1136.50s_0327_183428_2ml,82,410.0,2,2,True,0.0005669888923875988,0.994310736656189,0.005122313741594553,0.994310736656189,2
MMdata_1136.50s_0327_183428_2ml,83,415.0,2,2,True,0.0008322637877427042,0.9955500364303589,0.003617711830884218,0.9955500364303589,2
MMdata_1136.50s_0327_183428_2ml,84,420.0,2,2,True,0.0007943924865685403,0.9962917566299438,0.0029138056561350822,0.9962917566299438,2
MMdata_1136.50s_0327_183428_2ml,85,425.0,2,2,True,0.0006969893584027886,0.9963059425354004,0.002997085452079773,0.9963059425354004,2
MMdata_1136.50s_0327_183428_2ml,86,430.0,2,2,True,0.0005636653513647616,0.9958198070526123,0.0036165860947221518,0.9958198070526123,2
MMdata_1136.50s_0327_183428_2ml,87,435.0,2,2,True,0.0007503111846745014,0.9937299489974976,0.005519705358892679,0.9937299489974976,2
MMdata_1136.50s_0327_183428_2ml,88,440.0,2,2,True,0.0007127065910026431,0.996796190738678,0.0024911207146942616,0.996796190738678,2
MMdata_1136.50s_0327_183428_2ml,89,445.0,2,2,True,0.0006693669711239636,0.9957587122917175,0.003571895183995366,0.9957587122917175,2
MMdata_1136.50s_0327_183428_2ml,90,450.0,2,2,True,0.0005624048644676805,0.9950390458106995,0.00439863046631217,0.9950390458106995,2
MMdata_1136.50s_0327_183428_2ml,91,455.0,2,2,True,0.0007884015212766826,0.9846082329750061,0.014603378251194954,0.9846082329750061,2
MMdata_1136.50s_0327_183428_2ml,92,460.0,2,2,True,0.0007523022941313684,0.9965142607688904,0.002733394270762801,0.9965142607688904,2
MMdata_1136.50s_0327_183428_2ml,93,465.0,2,2,True,0.0007229804177768528,0.9968270659446716,0.002449995605275035,0.9968270659446716,2
MMdata_1136.50s_0327_183428_2ml,94,470.0,2,2,True,0.0005594369722530246,0.9954988360404968,0.003941728267818689,0.9954988360404968,2
MMdata_1136.50s_0327_183428_2ml,95,475.0,2,2,True,0.0006983551429584622,0.9941189289093018,0.005182662047445774,0.9941189289093018,2
MMdata_1136.50s_0327_183428_2ml,96,480.0,2,2,True,0.0007267685141414404,0.9964667558670044,0.0028064607176929712,0.9964667558670044,2
MMdata_1136.50s_0327_183428_2ml,97,485.0,2,2,True,0.000699480646289885,0.9967628717422485,0.0025375366676598787,0.9967628717422485,2
MMdata_1136.50s_0327_183428_2ml,98,490.0,2,2,True,0.0005632891552522779,0.9948810338973999,0.0045556314289569855,0.9948810338973999,2
MMdata_1136.50s_0327_183428_2ml,99,495.0,2,2,True,0.0007397739682346582,0.9931407570838928,0.006119420286267996,0.9931407570838928,2
MMdata_1136.50s_0327_183428_2ml,100,500.0,2,2,True,0.0007312391535378993,0.9970640540122986,0.002204734832048416,0.9970640540122986,2
MMdata_1136.50s_0327_183428_2ml,101,505.0,2,2,True,0.0006946423673070967,0.9954873919487,0.0038180167321115732,0.9954873919487,2
MMdata_1136.50s_0327_183428_2ml,102,510.0,2,2,True,0.0005720854387618601,0.9940927624702454,0.00533507252112031,0.9940927624702454,2
MMdata_1136.50s_0327_183428_2ml,103,515.0,2,2,True,0.0007866205996833742,0.9869901537895203,0.01222312729805708,0.9869901537895203,2
MMdata_1136.50s_0327_183428_2ml,104,520.0,2,2,True,0.0006729751476086676,0.9969209432601929,0.002406075829640031,0.9969209432601929,2
MMdata_1136.50s_0327_183428_2ml,105,525.0,2,2,True,0.0008449132437817752,0.9969045519828796,0.0022504294756799936,0.9969045519828796,2
MMdata_1136.50s_0327_183428_2ml,106,530.0,2,2,True,0.0005641408497467637,0.9947627186775208,0.004673164803534746,0.9947627186775208,2
MMdata_1136.50s_0327_183428_2ml,107,535.0,2,2,True,0.0009705265983939171,0.9833701848983765,0.01565932109951973,0.9833701848983765,2
MMdata_1136.50s_0327_183428_2ml,108,540.0,2,2,True,0.0007901884964667261,0.9961208701133728,0.0030889844056218863,0.9961208701133728,2
MMdata_1136.50s_0327_183428_2ml,109,545.0,2,2,True,0.0007032169378362596,0.9963448643684387,0.0029518594965338707,0.9963448643684387,2
MMdata_1136.50s_0327_183428_2ml,110,550.0,2,2,True,0.0005668900557793677,0.9962413311004639,0.0031917730811983347,0.9962413311004639,2
MMdata_1136.50s_0327_183428_2ml,111,555.0,2,2,True,0.0008923104614950716,0.9745243191719055,0.02458331361413002,0.9745243191719055,2
MMdata_1136.50s_0327_183428_2ml,112,560.0,2,2,True,0.0007090328726917505,0.9970044493675232,0.0022864965721964836,0.9970044493675232,2
MMdata_1136.50s_0327_183428_2ml,113,565.0,2,2,True,0.0006576727610081434,0.9964041709899902,0.002938193967565894,0.9964041709899902,2
MMdata_1136.50s_0327_183428_2ml,114,570.0,2,2,True,0.0005690447287634015,0.995412290096283,0.004018688574433327,0.995412290096283,2
MMdata_1136.50s_0327_183428_2ml,115,575.0,2,2,True,0.0010305802570655942,0.9700912237167358,0.02887813001871109,0.9700912237167358,2
MMdata_1136.50s_0327_183428_2ml,116,580.0,2,2,True,0.0008265255601145327,0.9960408210754395,0.003132639219984412,0.9960408210754395,2
MMdata_1136.50s_0327_183428_2ml,117,585.0,2,2,True,0.0008775355527177453,0.9926031231880188,0.006519372574985027,0.9926031231880188,2
MMdata_1136.50s_0327_183428_2ml,118,590.0,2,2,True,0.0005648835212923586,0.9949742555618286,0.004460829775780439,0.9949742555618286,2
MMdata_1136.50s_0327_183428_2ml,119,595.0,2,2,True,0.0009501240565441549,0.9647262096405029,0.03432365879416466,0.9647262096405029,2
MMdata_1136.50s_0327_183428_2ml,120,600.0,2,2,True,0.0006403663428500295,0.9961035251617432,0.0032561018597334623,0.9961035251617432,2
MMdata_1136.50s_0327_183428_2ml,121,605.0,2,2,True,0.0006686190608888865,0.992462158203125,0.006869236472994089,0.992462158203125,2
MMdata_1136.50s_0327_183428_2ml,122,610.0,2,2,True,0.0005726798553951085,0.9953413009643555,0.00408612284809351,0.9953413009643555,2
MMdata_1136.50s_0327_183428_2ml,123,615.0,2,2,True,0.0009007024927996099,0.9796255230903625,0.019473686814308167,0.9796255230903625,2
MMdata_1136.50s_0327_183428_2ml,124,620.0,2,2,True,0.0006032615783624351,0.9959983825683594,0.003398320870473981,0.9959983825683594,2
MMdata_1136.50s_0327_183428_2ml,125,625.0,2,2,True,0.000644633371848613,0.9937915205955505,0.005563866812735796,0.9937915205955505,2
MMdata_1136.50s_0327_183428_2ml,126,630.0,2,2,True,0.0005678670131601393,0.9951949715614319,0.004237137734889984,0.9951949715614319,2
MMdata_1136.50s_0327_183428_2ml,127,635.0,2,2,True,0.0007970910519361496,0.9918347597122192,0.00736812362447381,0.9918347597122192,2
MMdata_1136.50s_0327_183428_2ml,128,640.0,2,2,True,0.0006356962840072811,0.9956034421920776,0.003760931547731161,0.9956034421920776,2
MMdata_1136.50s_0327_183428_2ml,129,645.0,2,2,True,0.0006357490201480687,0.9950495362281799,0.004314593970775604,0.9950495362281799,2
MMdata_1136.50s_0327_183428_2ml,130,650.0,2,2,True,0.0005783638916909695,0.9949930310249329,0.004428601358085871,0.9949930310249329,2
MMdata_1136.50s_0327_183428_2ml,131,655.0,2,2,True,0.0008151238434948027,0.9801357984542847,0.019049132242798805,0.9801357984542847,2
MMdata_1136.50s_0327_183428_2ml,132,660.0,2,2,True,0.0008091403287835419,0.9967114925384521,0.002479310380294919,0.9967114925384521,2
MMdata_1136.50s_0327_183428_2ml,133,665.0,2,2,True,0.0006221187068149447,0.994716227054596,0.004661702550947666,0.994716227054596,2
MMdata_1136.50s_0327_183428_2ml,134,670.0,2,2,True,0.0005754054873250425,0.9942196607589722,0.005204975605010986,0.9942196607589722,2
MMdata_1136.50s_0327_183428_2ml,135,675.0,2,2,True,0.0007691329810768366,0.9890326261520386,0.01019821222871542,0.9890326261520386,2
MMdata_1136.50s_0327_183428_2ml,136,680.0,2,2,True,0.000757649599108845,0.9959189295768738,0.0033234560396522284,0.9959189295768738,2
MMdata_1136.50s_0327_183428_2ml,137,685.0,2,2,True,0.0006355536170303822,0.9937068819999695,0.005657574161887169,0.9937068819999695,2
MMdata_1136.50s_0327_183428_2ml,138,690.0,2,2,True,0.0005857024807482958,0.9953833222389221,0.004031011369079351,0.9953833222389221,2
MMdata_1136.50s_0327_183428_2ml,139,695.0,2,2,True,0.000907702895347029,0.9827535152435303,0.016338737681508064,0.9827535152435303,2
MMdata_1136.50s_0327_183428_2ml,140,700.0,2,2,True,0.0014508039457723498,0.9958806037902832,0.002668520901352167,0.9958806037902832,2
MMdata_1136.50s_0327_183428_2ml,141,705.0,2,2,True,0.0006326503353193402,0.994539201259613,0.00482811126857996,0.994539201259613,2
MMdata_1136.50s_0327_183428_2ml,142,710.0,2,2,True,0.0005900224787183106,0.9946627616882324,0.004747218452394009,0.9946627616882324,2
MMdata_1136.50s_0327_183428_2ml,143,715.0,2,2,True,0.0011004132684320211,0.9310221076011658,0.067877396941185,0.9310221076011658,2
MMdata_1136.50s_0327_183428_2ml,144,720.0,2,2,True,0.0010308513883501291,0.996711015701294,0.002258138731122017,0.996711015701294,2
MMdata_1136.50s_0327_183428_2ml,145,725.0,2,2,True,0.0006516360444948077,0.9953966736793518,0.003951584920287132,0.9953966736793518,2
MMdata_1136.50s_0327_183428_2ml,146,730.0,2,2,True,0.0005787226837128401,0.9952353835105896,0.004185849335044622,0.9952353835105896,2
MMdata_1136.50s_0327_183428_2ml,147,735.0,2,2,True,0.000849866948556155,0.97505784034729,0.024092255160212517,0.97505784034729,2
MMdata_1136.50s_0327_183428_2ml,148,740.0,2,2,True,0.0033203919883817434,0.9937498569488525,0.0029297047294676304,0.9937498569488525,2
MMdata_1136.50s_0327_183428_2ml,149,745.0,2,2,True,0.0007125191623345017,0.9912062287330627,0.008081236854195595,0.9912062287330627,2
MMdata_1136.50s_0327_183428_2ml,150,750.0,2,2,True,0.0005846765707246959,0.9938657879829407,0.005549457389861345,0.9938657879829407,2
MMdata_1136.50s_0327_183428_2ml,151,755.0,2,2,True,0.0007666363962925971,0.9909746050834656,0.008258664980530739,0.9909746050834656,2
MMdata_1136.50s_0327_183428_2ml,152,760.0,2,2,True,0.0010388029040768743,0.9909960627555847,0.007965249009430408,0.9909960627555847,2
MMdata_1136.50s_0327_183428_2ml,153,765.0,2,2,True,0.0006193104782141745,0.9953433871269226,0.0040373713709414005,0.9953433871269226,2
MMdata_1136.50s_0327_183428_2ml,154,770.0,2,2,True,0.000567467010114342,0.9954661130905151,0.003966338466852903,0.9954661130905151,2
MMdata_1136.50s_0327_183428_2ml,155,775.0,2,2,True,0.0007819273159839213,0.9805326461791992,0.01868530362844467,0.9805326461791992,2
MMdata_1136.50s_0327_183428_2ml,156,780.0,2,2,True,0.001629158854484558,0.9960838556289673,0.0022869366221129894,0.9960838556289673,2
MMdata_1136.50s_0327_183428_2ml,157,785.0,2,2,True,0.0006322088302113116,0.9962194561958313,0.00314837833866477,0.9962194561958313,2
MMdata_1136.50s_0327_183428_2ml,158,790.0,2,2,True,0.0005784804816357791,0.994316041469574,0.005105515010654926,0.994316041469574,2
MMdata_1136.50s_0327_183428_2ml,159,795.0,2,2,True,0.0008122024592012167,0.9909109473228455,0.008276804350316525,0.9909109473228455,2
MMdata_1136.50s_0327_183428_2ml,160,800.0,2,2,True,0.0018460905412212014,0.9954645037651062,0.0026893410831689835,0.9954645037651062,2
MMdata_1136.50s_0327_183428_2ml,161,805.0,2,2,True,0.0006260687950998545,0.9957886338233948,0.003585257800295949,0.9957886338233948,2
MMdata_1136.50s_0327_183428_2ml,162,810.0,2,2,True,0.0006066365167498589,0.9959583878517151,0.0034350010100752115,0.9959583878517151,2
MMdata_1136.50s_0327_183428_2ml,163,815.0,2,2,True,0.000792952545452863,0.9784792065620422,0.02072788029909134,0.9784792065620422,2
MMdata_1136.50s_0327_183428_2ml,164,820.0,2,2,True,0.0060213906690478325,0.9912018775939941,0.0027767925057560205,0.9912018775939941,2
MMdata_1136.50s_0327_183428_2ml,165,825.0,2,2,True,0.000625566637609154,0.9948533177375793,0.004521100781857967,0.9948533177375793,2
MMdata_1136.50s_0327_183428_2ml,166,830.0,2,2,True,0.0005983092705719173,0.9960454106330872,0.003356261644512415,0.9960454106330872,2
MMdata_1136.50s_0327_183428_2ml,167,835.0,2,2,True,0.0008153585367836058,0.9755648374557495,0.02361978404223919,0.9755648374557495,2
MMdata_1136.50s_0327_183428_2ml,168,840.0,2,2,True,0.000805006711743772,0.9959119558334351,0.003283057129010558,0.9959119558334351,2
MMdata_1136.50s_0327_183428_2ml,169,845.0,2,2,True,0.0006483749020844698,0.9906849265098572,0.008666635490953922,0.9906849265098572,2
MMdata_1136.50s_0327_183428_2ml,170,850.0,2,2,True,0.0005835683550685644,0.9946211576461792,0.004795201122760773,0.9946211576461792,2
MMdata_1136.50s_0327_183428_2ml,171,855.0,2,2,True,0.0007280951831489801,0.9887101054191589,0.010561821050941944,0.9887101054191589,2
MMdata_1136.50s_0327_183428_2ml,172,860.0,2,2,True,0.0021314704790711403,0.9952303171157837,0.0026382647920399904,0.9952303171157837,2
MMdata_1136.50s_0327_183428_2ml,173,865.0,2,2,True,0.0006518503651022911,0.9940503239631653,0.005297800526022911,0.9940503239631653,2
MMdata_1136.50s_0327_183428_2ml,174,870.0,2,2,True,0.0005926898447796702,0.9943997263908386,0.005007599946111441,0.9943997263908386,2
MMdata_1136.50s_0327_183428_2ml,175,875.0,2,2,True,0.0006783292628824711,0.9928083419799805,0.006513355765491724,0.9928083419799805,2
MMdata_1136.50s_0327_183428_2ml,176,880.0,2,2,True,0.001268266118131578,0.9964732527732849,0.0022584591060876846,0.9964732527732849,2
MMdata_1136.50s_0327_183428_2ml,177,885.0,2,2,True,0.0006453601527027786,0.9937067627906799,0.005647861864417791,0.9937067627906799,2
MMdata_1136.50s_0327_183428_2ml,178,890.0,2,2,True,0.0005847822758369148,0.9956750273704529,0.0037401854060590267,0.9956750273704529,2
MMdata_1136.50s_0327_183428_2ml,179,895.0,2,2,True,0.0007151105091907084,0.985776960849762,0.0135080236941576,0.985776960849762,2
MMdata_1136.50s_0327_183428_2ml,180,900.0,2,2,True,0.0015163611387833953,0.9960935711860657,0.002390050096437335,0.9960935711860657,2
MMdata_1136.50s_0327_183428_2ml,181,905.0,2,2,True,0.0006270653684623539,0.9935013651847839,0.005871493369340897,0.9935013651847839,2
MMdata_1136.50s_0327_183428_2ml,182,910.0,2,2,True,0.0006119463359937072,0.9933812618255615,0.0060068052262067795,0.9933812618255615,2
MMdata_1136.50s_0327_183428_2ml,183,915.0,2,2,True,0.0006807464524172246,0.9908937215805054,0.008425568230450153,0.9908937215805054,2
MMdata_1136.50s_0327_183428_2ml,184,920.0,2,2,True,0.000737204507458955,0.9959192872047424,0.00334364315494895,0.9959192872047424,2
MMdata_1136.50s_0327_183428_2ml,185,925.0,2,2,True,0.000628253270406276,0.994155764579773,0.005215940065681934,0.994155764579773,2
MMdata_1136.50s_0327_183428_2ml,186,930.0,2,2,True,0.0005908965831622481,0.9943813681602478,0.005027703009545803,0.9943813681602478,2
MMdata_1136.50s_0327_183428_2ml,187,935.0,2,2,True,0.0006635935860686004,0.9938031435012817,0.005533309653401375,0.9938031435012817,2
MMdata_1136.50s_0327_183428_2ml,188,940.0,2,2,True,0.0007318176794797182,0.9937200546264648,0.005548106972128153,0.9937200546264648,2
MMdata_1136.50s_0327_183428_2ml,189,945.0,2,2,True,0.0006114035495556891,0.993933379650116,0.005455168429762125,0.993933379650116,2
MMdata_1136.50s_0327_183428_2ml,190,950.0,2,2,True,0.0005876928335055709,0.9951614737510681,0.004250863566994667,0.9951614737510681,2
MMdata_1136.50s_0327_183428_2ml,191,955.0,2,2,True,0.0006915112608112395,0.990183413028717,0.009125110693275928,0.990183413028717,2
MMdata_1136.50s_0327_183428_2ml,192,960.0,2,2,True,0.000691354856826365,0.9966616630554199,0.0026469985023140907,0.9966616630554199,2
MMdata_1136.50s_0327_183428_2ml,193,965.0,2,2,True,0.0006355151417665184,0.9912766218185425,0.008087918162345886,0.9912766218185425,2
MMdata_1136.50s_0327_183428_2ml,194,970.0,2,2,True,0.0005969384801574051,0.9929983615875244,0.006404684856534004,0.9929983615875244,2
MMdata_1136.50s_0327_183428_2ml,195,975.0,2,2,True,0.0007006247760728002,0.989863932132721,0.009435439482331276,0.989863932132721,2
MMdata_1136.50s_0327_183428_2ml,196,980.0,2,2,True,0.000900912273209542,0.9964680671691895,0.0026310544926673174,0.9964680671691895,2
MMdata_1136.50s_0327_183428_2ml,197,985.0,2,2,True,0.0006642568623647094,0.989669144153595,0.009666631929576397,0.989669144153595,2
MMdata_1136.50s_0327_183428_2ml,198,990.0,2,2,True,0.0006044203182682395,0.9939291477203369,0.005466424860060215,0.9939291477203369,2
MMdata_1136.50s_0327_183428_2ml,199,995.0,2,2,True,0.0007253868971019983,0.9921112060546875,0.00716339610517025,0.9921112060546875,2
MMdata_1136.50s_0327_183428_2ml,200,1000.0,2,2,True,0.0009122552582994103,0.9906731247901917,0.00841460656374693,0.9906731247901917,2
MMdata_1136.50s_0327_183428_2ml,201,1005.0,2,2,True,0.0006949113449081779,0.9867239594459534,0.012581094168126583,0.9867239594459534,2
MMdata_1136.50s_0327_183428_2ml,202,1010.0,2,2,True,0.0006384420557878911,0.9913506507873535,0.008010996505618095,0.9913506507873535,2
MMdata_1136.50s_0327_183428_2ml,203,1015.0,2,2,True,0.0006815829547122121,0.9914757013320923,0.007842754013836384,0.9914757013320923,2
MMdata_1136.50s_0327_183428_2ml,204,1020.0,2,2,True,0.0009686358971521258,0.9969587326049805,0.002072651870548725,0.9969587326049805,2
MMdata_1136.50s_0327_183428_2ml,205,1025.0,2,2,True,0.0006085524219088256,0.9939549565315247,0.005436441861093044,0.9939549565315247,2
MMdata_1136.50s_0327_183428_2ml,206,1030.0,2,2,True,0.0005889481981284916,0.9959812164306641,0.003429863601922989,0.9959812164306641,2
MMdata_1136.50s_0327_183428_2ml,207,1035.0,2,2,True,0.0006493874243460596,0.9933708906173706,0.005979741923511028,0.9933708906173706,2
MMdata_1136.50s_0327_183428_2ml,208,1040.0,2,2,True,0.0013933888403698802,0.9742849469184875,0.024321723729372025,0.9742849469184875,2
MMdata_1136.50s_0327_183428_2ml,209,1045.0,2,2,True,0.0006046780617907643,0.9954370856285095,0.003958180081099272,0.9954370856285095,2
MMdata_1136.50s_0327_183428_2ml,210,1050.0,2,2,True,0.0006235252367332578,0.9945976734161377,0.004778721369802952,0.9945976734161377,2
MMdata_1136.50s_0327_183428_2ml,211,1055.0,2,2,True,0.0006397677934728563,0.9918116331100464,0.0075485543347895145,0.9918116331100464,2
MMdata_1136.50s_0327_183428_2ml,212,1060.0,2,2,True,0.0008715256117284298,0.9968720078468323,0.0022564579267054796,0.9968720078468323,2
MMdata_1136.50s_0327_183428_2ml,213,1065.0,2,2,True,0.0006943846237845719,0.986639678478241,0.012665865011513233,0.986639678478241,2
MMdata_1136.50s_0327_183428_2ml,214,1070.0,2,2,True,0.000588473747484386,0.9959119558334351,0.003499585436657071,0.9959119558334351,2
MMdata_1136.50s_0327_183428_2ml,215,1075.0,2,2,True,0.0006472993991337717,0.9961254000663757,0.0032273537945002317,0.9961254000663757,2
MMdata_1136.50s_0327_183428_2ml,216,1080.0,2,2,True,0.0008664489723742008,0.9953246116638184,0.003808995708823204,0.9953246116638184,2
MMdata_1136.50s_0327_183428_2ml,217,1085.0,2,2,True,0.0006573981372639537,0.9896759390830994,0.009666717611253262,0.9896759390830994,2
MMdata_1136.50s_0327_183428_2ml,218,1090.0,2,2,True,0.0006089064409025013,0.9957483410835266,0.0036427301820367575,0.9957483410835266,2
MMdata_1136.50s_0327_183428_2ml,219,1095.0,2,2,True,0.0007050380227155983,0.995455265045166,0.0038397363387048244,0.995455265045166,2
MMdata_1136.50s_0327_183428_2ml,220,1100.0,2,2,True,0.0009838035330176353,0.9956666231155396,0.0033494578674435616,0.9956666231155396,2
MMdata_1136.50s_0327_183428_2ml,221,1105.0,2,2,True,0.0006440008291974664,0.9912250638008118,0.008130904287099838,0.9912250638008118,2
MMdata_1136.50s_0327_183428_2ml,222,1110.0,2,2,True,0.0005854464252479374,0.9960053563117981,0.0034091374836862087,0.9960053563117981,2
MMdata_1136.50s_0327_183428_2ml,223,1115.0,2,2,True,0.0006333109922707081,0.9941009879112244,0.005265718791633844,0.9941009879112244,2
MMdata_1136.50s_0327_183428_2ml,224,1120.0,2,2,True,0.0008278287714347243,0.9968218803405762,0.002350374823436141,0.9968218803405762,2
MMdata_1136.50s_0327_183428_2ml,225,1125.0,2,2,True,0.0006631060969084501,0.9883395433425903,0.010997401550412178,0.9883395433425903,2
MMdata_1136.50s_0327_183428_2ml,226,1130.0,2,2,True,0.0005840728990733624,0.9954929351806641,0.003922989126294851,0.9954929351806641,2
MMdata_235.00s_0320_224031_no_secretion,0,0.0,0,0,True,0.9977524876594543,0.001811120193451643,0.00043638923671096563,0.9977524876594543,0
MMdata_235.00s_0320_224031_no_secretion,1,5.0,0,0,True,0.9970853924751282,0.002411757130175829,0.000502942712046206,0.9970853924751282,0
MMdata_235.00s_0320_224031_no_secretion,2,10.0,0,0,True,0.9965967535972595,0.0028866934590041637,0.0005166123155504465,0.9965967535972595,0
MMdata_235.00s_0320_224031_no_secretion,3,15.0,0,0,True,0.9974867105484009,0.0020001025404781103,0.0005131984362378716,0.9974867105484009,0
MMdata_235.00s_0320_224031_no_secretion,4,20.0,0,0,True,0.9976435303688049,0.0018908859929069877,0.0004655968223232776,0.9976435303688049,0
MMdata_235.00s_0320_224031_no_secretion,5,25.0,0,0,True,0.9967806339263916,0.002657847013324499,0.0005614807014353573,0.9967806339263916,0
MMdata_235.00s_0320_224031_no_secretion,6,30.0,0,0,True,0.9974281191825867,0.0021097806748002768,0.0004620805848389864,0.9974281191825867,0
MMdata_235.00s_0320_224031_no_secretion,7,35.0,0,0,True,0.9970876574516296,0.0023899381048977375,0.0005224345368333161,0.9970876574516296,0
MMdata_235.00s_0320_224031_no_secretion,8,40.0,0,0,True,0.9972591400146484,0.0022577543277293444,0.00048309293924830854,0.9972591400146484,0
MMdata_235.00s_0320_224031_no_secretion,9,45.0,0,0,True,0.996912956237793,0.0025429886300116777,0.000544085749424994,0.996912956237793,0
MMdata_235.00s_0320_224031_no_secretion,10,50.0,0,0,True,0.997132420539856,0.0023893823381513357,0.0004781857714988291,0.997132420539856,0
MMdata_235.00s_0320_224031_no_secretion,11,55.0,0,0,True,0.9975080490112305,0.001975191058591008,0.0005167628405615687,0.9975080490112305,0
MMdata_235.00s_0320_224031_no_secretion,12,60.0,0,0,True,0.9977486729621887,0.00178720208350569,0.0004640685219783336,0.9977486729621887,0
MMdata_235.00s_0320_224031_no_secretion,13,65.0,0,0,True,0.9969000816345215,0.002553552621975541,0.000546374125406146,0.9969000816345215,0
MMdata_235.00s_0320_224031_no_secretion,14,70.0,0,0,True,0.9963456988334656,0.003108361503109336,0.0005460312240757048,0.9963456988334656,0
MMdata_235.00s_0320_224031_no_secretion,15,75.0,0,0,True,0.9972358345985413,0.0022445025388151407,0.0005197994178161025,0.9972358345985413,0
MMdata_235.00s_0320_224031_no_secretion,16,80.0,0,0,True,0.997611403465271,0.0019251250196248293,0.00046344942529685795,0.997611403465271,0
MMdata_235.00s_0320_224031_no_secretion,17,85.0,0,0,True,0.9971151351928711,0.002349304500967264,0.0005356002948246896,0.9971151351928711,0
MMdata_235.00s_0320_224031_no_secretion,18,90.0,0,0,True,0.9974740147590637,0.002075013006106019,0.00045085951569490135,0.9974740147590637,0
MMdata_235.00s_0320_224031_no_secretion,19,95.0,0,0,True,0.9972743391990662,0.0022142690140753984,0.0005114843370392919,0.9972743391990662,0
MMdata_235.00s_0320_224031_no_secretion,20,100.0,0,0,True,0.9974926710128784,0.002046631881967187,0.00046060618478804827,0.9974926710128784,0
MMdata_235.00s_0320_224031_no_secretion,21,105.0,0,0,True,0.9972008466720581,0.0022545969113707542,0.0005445385468192399,0.9972008466720581,0
MMdata_235.00s_0320_224031_no_secretion,22,110.0,0,0,True,0.9975507855415344,0.002008871641010046,0.0004403919156175107,0.9975507855415344,0
MMdata_235.00s_0320_224031_no_secretion,23,115.0,0,0,True,0.9972986578941345,0.002181748393923044,0.000519700872246176,0.9972986578941345,0
MMdata_235.00s_0320_224031_no_secretion,24,120.0,0,0,True,0.9972975850105286,0.002219637855887413,0.0004827877855859697,0.9972975850105286,0
MMdata_235.00s_0320_224031_no_secretion,25,125.0,0,0,True,0.9969481825828552,0.0024853860959410667,0.0005663661868311465,0.9969481825828552,0
MMdata_235.00s_0320_224031_no_secretion,26,130.0,0,0,True,0.9973199963569641,0.0022265505976974964,0.0004534080217126757,0.9973199963569641,0
MMdata_235.00s_0320_224031_no_secretion,27,135.0,0,0,True,0.9975741505622864,0.0019224369898438454,0.000503337592817843,0.9975741505622864,0
MMdata_235.00s_0320_224031_no_secretion,28,140.0,0,0,True,0.9973791837692261,0.0021606204099953175,0.0004602541448548436,0.9973791837692261,0
MMdata_235.00s_0320_224031_no_secretion,29,145.0,0,0,True,0.9969576597213745,0.002496863016858697,0.000545474817045033,0.9969576597213745,0
MMdata_235.00s_0320_224031_no_secretion,30,150.0,0,0,True,0.997416615486145,0.00213805865496397,0.0004452946886885911,0.997416615486145,0
MMdata_235.00s_0320_224031_no_secretion,31,155.0,0,0,True,0.9974974989891052,0.0019765777979046106,0.0005258881137706339,0.9974974989891052,0
MMdata_235.00s_0320_224031_no_secretion,32,160.0,0,0,True,0.9977703094482422,0.0017818661872297525,0.00044776484719477594,0.9977703094482422,0
MMdata_235.00s_0320_224031_no_secretion,33,165.0,0,0,True,0.9975556135177612,0.001909093582071364,0.0005352242733351886,0.9975556135177612,0
MMdata_235.00s_0320_224031_no_secretion,34,170.0,0,0,True,0.9977794289588928,0.0017997774994000793,0.0004207742167636752,0.9977794289588928,0
MMdata_235.00s_0320_224031_no_secretion,35,175.0,0,0,True,0.9962385892868042,0.0031058702152222395,0.0006555445725098252,0.9962385892868042,0
MMdata_235.00s_0320_224031_no_secretion,36,180.0,0,0,True,0.9978646636009216,0.001702852314338088,0.00043250451562926173,0.9978646636009216,0
MMdata_235.00s_0320_224031_no_secretion,37,185.0,0,0,True,0.997130811214447,0.0023016193881630898,0.0005676066502928734,0.997130811214447,0
MMdata_235.00s_0320_224031_no_secretion,38,190.0,0,0,True,0.9974141120910645,0.0021365906577557325,0.00044937810162082314,0.9974141120910645,0
MMdata_235.00s_0320_224031_no_secretion,39,195.0,0,0,True,0.9970018267631531,0.002434804104268551,0.000563359702937305,0.9970018267631531,0
MMdata_235.00s_0320_224031_no_secretion,40,200.0,0,0,True,0.9975625276565552,0.0019899324979633093,0.00044743428588844836,0.9975625276565552,0
MMdata_235.00s_0320_224031_no_secretion,41,205.0,0,0,True,0.9967195391654968,0.0026926661375910044,0.0005877381772734225,0.9967195391654968,0
MMdata_235.00s_0320_224031_no_secretion,42,210.0,0,0,True,0.997605562210083,0.0019621970131993294,0.00043221042142249644,0.997605562210083,0
MMdata_235.00s_0320_224031_no_secretion,43,215.0,0,0,True,0.9967581629753113,0.0026409674901515245,0.0006008764612488449,0.9967581629753113,0
MMdata_235.00s_0320_224031_no_secretion,44,220.0,0,0,True,0.9976035952568054,0.0019319811835885048,0.0004644477739930153,0.9976035952568054,0
MMdata_235.00s_0320_224031_no_secretion,45,225.0,0,2,False,0.026170814409852028,0.9673704504966736,0.006458706688135862,0.9673704504966736,2
MMdata_235.00s_0320_224031_no_secretion,46,230.0,0,2,False,0.4793146550655365,0.514198362827301,0.006487030535936356,0.514198362827301,2
MMdata_442.75s_0327_203239_4ml,0,0.0,4,4,True,5.067529855296016e-06,1.168605376733467e-05,0.9999831914901733,0.9999831914901733,4
MMdata_442.75s_0327_203239_4ml,1,5.0,4,4,True,0.00022144753893371671,0.002527721459046006,0.9972508549690247,0.9972508549690247,4
MMdata_442.75s_0327_203239_4ml,2,10.0,4,4,True,8.19362685433589e-06,3.2289011869579554e-05,0.9999594688415527,0.9999594688415527,4
MMdata_442.75s_0327_203239_4ml,3,15.0,4,4,True,1.1806571819761302e-05,2.4597316951258108e-05,0.999963641166687,0.999963641166687,4
MMdata_442.75s_0327_203239_4ml,4,20.0,4,4,True,9.548522029945161e-06,1.155095833382802e-05,0.9999788999557495,0.9999788999557495,4
MMdata_442.75s_0327_203239_4ml,5,25.0,4,4,True,4.779202936333604e-05,0.000578967563342303,0.9993732571601868,0.9993732571601868,4
MMdata_442.75s_0327_203239_4ml,6,30.0,4,4,True,6.714652045047842e-06,1.3193248378229327e-05,0.999980092048645,0.999980092048645,4
MMdata_442.75s_0327_203239_4ml,7,35.0,4,4,True,1.1498328603920527e-05,2.5407358407392167e-05,0.9999630451202393,0.9999630451202393,4
MMdata_442.75s_0327_203239_4ml,8,40.0,4,4,True,7.324049875023775e-06,1.4126609130471479e-05,0.9999785423278809,0.9999785423278809,4
MMdata_442.75s_0327_203239_4ml,9,45.0,4,4,True,5.000064629712142e-05,0.00039418821688741446,0.999555766582489,0.999555766582489,4
MMdata_442.75s_0327_203239_4ml,10,50.0,4,4,True,6.216403107828228e-06,1.154696656158194e-05,0.9999822378158569,0.9999822378158569,4
MMdata_442.75s_0327_203239_4ml,11,55.0,4,4,True,9.413996849616524e-06,1.7525442672194913e-05,0.9999730587005615,0.9999730587005615,4
MMdata_442.75s_0327_203239_4ml,12,60.0,4,4,True,9.692647836345714e-06,1.0607906006043777e-05,0.9999797344207764,0.9999797344207764,4
MMdata_442.75s_0327_203239_4ml,13,65.0,4,4,True,7.173775520641357e-05,0.0008714973810128868,0.9990567564964294,0.9990567564964294,4
MMdata_442.75s_0327_203239_4ml,14,70.0,4,4,True,7.4828417382377665e-06,2.060627957689576e-05,0.999971866607666,0.999971866607666,4
MMdata_442.75s_0327_203239_4ml,15,75.0,4,4,True,1.0140042832063045e-05,4.4766897190129384e-05,0.9999450445175171,0.9999450445175171,4
MMdata_442.75s_0327_203239_4ml,16,80.0,4,4,True,8.946126399678178e-06,1.9019096725969575e-05,0.9999719858169556,0.9999719858169556,4
MMdata_442.75s_0327_203239_4ml,17,85.0,4,4,True,0.00014036116772331297,0.00814258586615324,0.9917170405387878,0.9917170405387878,4
MMdata_442.75s_0327_203239_4ml,18,90.0,4,4,True,6.559419034601888e-06,1.0602992006170098e-05,0.9999828338623047,0.9999828338623047,4
MMdata_442.75s_0327_203239_4ml,19,95.0,4,4,True,2.5926503440132365e-05,0.00044057215563952923,0.9995335340499878,0.9995335340499878,4
MMdata_442.75s_0327_203239_4ml,20,100.0,4,4,True,8.811052794044372e-06,1.0324248250981327e-05,0.9999808073043823,0.9999808073043823,4
MMdata_442.75s_0327_203239_4ml,21,105.0,4,4,True,1.887236794573255e-05,0.000116795337817166,0.9998643398284912,0.9998643398284912,4
MMdata_442.75s_0327_203239_4ml,22,110.0,4,4,True,8.69361792865675e-06,4.164754136581905e-05,0.9999496936798096,0.9999496936798096,4
MMdata_442.75s_0327_203239_4ml,23,115.0,4,4,True,6.193761691974942e-06,9.86956092674518e-06,0.9999839067459106,0.9999839067459106,4
MMdata_442.75s_0327_203239_4ml,24,120.0,4,4,True,2.2756748876417987e-05,7.806777284713462e-05,0.99989914894104,0.99989914894104,4
MMdata_442.75s_0327_203239_4ml,25,125.0,4,4,True,2.51830970228184e-05,0.00011524567526066676,0.9998595714569092,0.9998595714569092,4
MMdata_442.75s_0327_203239_4ml,26,130.0,4,4,True,7.607779025420314e-06,1.0035968443844467e-05,0.9999823570251465,0.9999823570251465,4
MMdata_442.75s_0327_203239_4ml,27,135.0,4,4,True,5.282979145704303e-06,1.4135031960904598e-05,0.9999805688858032,0.9999805688858032,4
MMdata_442.75s_0327_203239_4ml,28,140.0,4,4,True,1.1558718142623547e-05,2.0881367163383402e-05,0.9999675750732422,0.9999675750732422,4
MMdata_442.75s_0327_203239_4ml,29,145.0,4,4,True,0.00010583223047433421,0.007408869918435812,0.9924853444099426,0.9924853444099426,4
MMdata_442.75s_0327_203239_4ml,30,150.0,4,4,True,6.41186898064916e-06,1.3187528566049878e-05,0.9999804496765137,0.9999804496765137,4
MMdata_442.75s_0327_203239_4ml,31,155.0,4,4,True,3.177156031597406e-05,0.0005419236258603632,0.9994263648986816,0.9994263648986816,4
MMdata_442.75s_0327_203239_4ml,32,160.0,4,4,True,1.3568380381911993e-05,1.8885823010350578e-05,0.9999675750732422,0.9999675750732422,4
MMdata_442.75s_0327_203239_4ml,33,165.0,4,4,True,1.591718682902865e-05,0.00016731933283153921,0.9998168349266052,0.9998168349266052,4
MMdata_442.75s_0327_203239_4ml,34,170.0,4,4,True,7.362030373769812e-06,1.0823144293681253e-05,0.9999817609786987,0.9999817609786987,4
MMdata_442.75s_0327_203239_4ml,35,175.0,4,4,True,5.859595603396883e-06,7.3247679210908245e-06,0.9999867677688599,0.9999867677688599,4
MMdata_442.75s_0327_203239_4ml,36,180.0,4,4,True,0.0001365743373753503,0.0019040519837290049,0.9979593753814697,0.9979593753814697,4
MMdata_442.75s_0327_203239_4ml,37,185.0,4,4,True,1.3856004443368874e-05,0.00016204695566557348,0.9998241066932678,0.9998241066932678,4
MMdata_442.75s_0327_203239_4ml,38,190.0,4,4,True,8.342249202542007e-06,9.759497515915427e-06,0.9999818801879883,0.9999818801879883,4
MMdata_442.75s_0327_203239_4ml,39,195.0,4,4,True,6.688617759209592e-06,8.903179150365759e-06,0.9999843835830688,0.9999843835830688,4
MMdata_442.75s_0327_203239_4ml,40,200.0,4,4,True,8.89452076080488e-06,1.1764641385525465e-05,0.9999793767929077,0.9999793767929077,4
MMdata_442.75s_0327_203239_4ml,41,205.0,4,4,True,8.012443686311599e-06,3.7346366298152134e-05,0.9999545812606812,0.9999545812606812,4
MMdata_442.75s_0327_203239_4ml,42,210.0,4,4,True,6.8159524744260125e-06,1.1041037396353204e-05,0.9999821186065674,0.9999821186065674,4
MMdata_442.75s_0327_203239_4ml,43,215.0,4,4,True,7.434347935486585e-06,2.7797954317065887e-05,0.999964714050293,0.999964714050293,4
MMdata_442.75s_0327_203239_4ml,44,220.0,4,4,True,7.261233258759603e-05,0.0005187729257158935,0.9994086027145386,0.9994086027145386,4
MMdata_442.75s_0327_203239_4ml,45,225.0,4,4,True,2.2564778191735968e-05,0.0004588424344547093,0.999518632888794,0.999518632888794,4
MMdata_442.75s_0327_203239_4ml,46,230.0,4,4,True,1.0806184036482591e-05,1.2513452929852065e-05,0.999976634979248,0.999976634979248,4
MMdata_442.75s_0327_203239_4ml,47,235.0,4,4,True,5.847827924299054e-05,0.0006998355966061354,0.9992417097091675,0.9992417097091675,4
MMdata_442.75s_0327_203239_4ml,48,240.0,4,4,True,1.4492726222670171e-05,5.1229886594228446e-05,0.9999343156814575,0.9999343156814575,4
MMdata_442.75s_0327_203239_4ml,49,245.0,4,4,True,6.175768703542417e-06,1.514718769612955e-05,0.9999786615371704,0.9999786615371704,4
MMdata_442.75s_0327_203239_4ml,50,250.0,4,4,True,7.529425602115225e-06,1.8069509678753093e-05,0.9999743700027466,0.9999743700027466,4
MMdata_442.75s_0327_203239_4ml,51,255.0,4,4,True,0.0005336535978130996,0.11374689638614655,0.8857194185256958,0.8857194185256958,4
MMdata_442.75s_0327_203239_4ml,52,260.0,4,4,True,1.5667043044231832e-05,7.092706073308364e-05,0.9999134540557861,0.9999134540557861,4
MMdata_442.75s_0327_203239_4ml,53,265.0,4,4,True,9.84959569905186e-06,1.3194351595302578e-05,0.9999769926071167,0.9999769926071167,4
MMdata_442.75s_0327_203239_4ml,54,270.0,4,4,True,1.0190947250521276e-05,1.16391820483841e-05,0.9999781847000122,0.9999781847000122,4
MMdata_442.75s_0327_203239_4ml,55,275.0,4,4,True,1.1552887372090481e-05,6.48392378934659e-05,0.999923586845398,0.999923586845398,4
MMdata_442.75s_0327_203239_4ml,56,280.0,4,4,True,1.1298990102659445e-05,1.4029780686541926e-05,0.9999747276306152,0.9999747276306152,4
MMdata_442.75s_0327_203239_4ml,57,285.0,4,4,True,7.140866728150286e-06,1.4039916095498484e-05,0.99997878074646,0.99997878074646,4
MMdata_442.75s_0327_203239_4ml,58,290.0,4,4,True,1.1939792784687597e-05,1.614320535736624e-05,0.999971866607666,0.999971866607666,4
MMdata_442.75s_0327_203239_4ml,59,295.0,4,4,True,0.00012013810919597745,0.007360741030424833,0.9925191402435303,0.9925191402435303,4
MMdata_442.75s_0327_203239_4ml,60,300.0,4,4,True,9.659353963797912e-06,1.6365931514883414e-05,0.9999740123748779,0.9999740123748779,4
MMdata_442.75s_0327_203239_4ml,61,305.0,4,4,True,6.062367447157158e-06,1.8361910406383686e-05,0.9999755620956421,0.9999755620956421,4
MMdata_442.75s_0327_203239_4ml,62,310.0,4,4,True,7.637617272848729e-06,1.6109257558127865e-05,0.9999762773513794,0.9999762773513794,4
MMdata_442.75s_0327_203239_4ml,63,315.0,4,4,True,4.424757571541704e-05,0.0006696260534226894,0.9992861151695251,0.9992861151695251,4
MMdata_442.75s_0327_203239_4ml,64,320.0,4,4,True,9.79355627350742e-06,2.177801070502028e-05,0.999968409538269,0.999968409538269,4
MMdata_442.75s_0327_203239_4ml,65,325.0,4,4,True,1.1425057891756296e-05,1.3253336874186061e-05,0.999975323677063,0.999975323677063,4
MMdata_442.75s_0327_203239_4ml,66,330.0,4,4,True,1.1568052286747843e-05,1.272243207495194e-05,0.9999756813049316,0.9999756813049316,4
MMdata_442.75s_0327_203239_4ml,67,335.0,4,4,True,5.9954509197268635e-06,1.3174498235457577e-05,0.9999808073043823,0.9999808073043823,4
MMdata_442.75s_0327_203239_4ml,68,340.0,4,4,True,1.3183259397919755e-05,4.111826638109051e-05,0.9999456405639648,0.9999456405639648,4
MMdata_442.75s_0327_203239_4ml,69,345.0,4,4,True,1.2544632227218244e-05,1.3168420082365628e-05,0.999974250793457,0.999974250793457,4
MMdata_442.75s_0327_203239_4ml,70,350.0,4,4,True,8.729219189262949e-06,1.2762302503688261e-05,0.9999785423278809,0.9999785423278809,4
MMdata_442.75s_0327_203239_4ml,71,355.0,4,4,True,7.189944426500006e-06,1.692865407676436e-05,0.9999759197235107,0.9999759197235107,4
MMdata_442.75s_0327_203239_4ml,72,360.0,4,4,True,9.17244324227795e-06,2.018820305238478e-05,0.9999706745147705,0.9999706745147705,4
MMdata_442.75s_0327_203239_4ml,73,365.0,4,4,True,1.0736018339230213e-05,1.244001578015741e-05,0.9999768733978271,0.9999768733978271,4
MMdata_442.75s_0327_203239_4ml,74,370.0,4,4,True,1.6113397578010336e-05,8.446657011518255e-05,0.9998993873596191,0.9998993873596191,4
MMdata_442.75s_0327_203239_4ml,75,375.0,4,4,True,4.5415887143462896e-05,0.00048419227823615074,0.9994704127311707,0.9994704127311707,4
MMdata_442.75s_0327_203239_4ml,76,380.0,4,4,True,1.0735697287600487e-05,2.5139244826277718e-05,0.9999641180038452,0.9999641180038452,4
MMdata_442.75s_0327_203239_4ml,77,385.0,4,4,True,1.7505748473922722e-05,2.179032890126109e-05,0.9999606609344482,0.9999606609344482,4
MMdata_442.75s_0327_203239_4ml,78,390.0,4,4,True,1.4022609320818447e-05,6.473015673691407e-05,0.9999212026596069,0.9999212026596069,4
MMdata_442.75s_0327_203239_4ml,79,395.0,4,4,True,9.962335752788931e-06,1.885326491901651e-05,0.9999711513519287,0.9999711513519287,4
MMdata_442.75s_0327_203239_4ml,80,400.0,4,4,True,1.4545595149684232e-05,1.7529029719298705e-05,0.9999679327011108,0.9999679327011108,4
MMdata_442.75s_0327_203239_4ml,81,405.0,4,4,True,1.1622157217061613e-05,1.3734402273257729e-05,0.9999746084213257,0.9999746084213257,4
MMdata_442.75s_0327_203239_4ml,82,410.0,4,4,True,5.774213786935434e-05,0.0009259320213459432,0.999016284942627,0.999016284942627,4
MMdata_442.75s_0327_203239_4ml,83,415.0,4,4,True,1.401661393174436e-05,0.00011281020852038637,0.999873161315918,0.999873161315918,4
MMdata_442.75s_0327_203239_4ml,84,420.0,4,4,True,1.0108395144925453e-05,2.5646446374594234e-05,0.9999642372131348,0.9999642372131348,4
MMdata_442.75s_0327_203239_4ml,85,425.0,4,4,True,1.624442847969476e-05,1.8155196812585928e-05,0.9999655485153198,0.9999655485153198,4
MMdata_442.75s_0327_203239_4ml,86,430.0,4,4,True,1.0628080417518504e-05,5.7890185416908935e-05,0.9999314546585083,0.9999314546585083,4
MMdata_442.75s_0327_203239_4ml,87,435.0,4,4,True,9.292968570662197e-06,4.257880209479481e-05,0.9999481439590454,0.9999481439590454,4
